"state","year","GDP","pop","value","growth","timestep","laborproductivity"
"AK",1990,24626.8876070348,553,44.5332506456326,0.662586921005125,15,-0.02707
"AK",2005,28591.7957306062,667,42.8662604656764,0.962567516276299,15,-0.00254
"AK",2010,34366.3839698139,714,48.132190433913,1.1228455645776,5,0.02344
"AK",2015,34007.1777995324,738,46.0801867202336,0.957367331609458,5,-0.00868
"AK",2020,33165.2190627366,733,45.2458650241972,0.981894133782449,5,-0.00365
"AK",2025,34121.9808060557,732,46.6147278771252,1.0302538773918,5,0.00598
"AK",2030,36842.8306549121,747,49.3210584403107,1.05805741417861,5,0.01135
"AK",2035,40235.4377991063,764,52.6641856009245,1.06778295653691,5,0.0132
"AK",2040,44010.5782200015,782,56.2795117902832,1.0686486679345,5,0.01337
"AK",2045,48203.3293382265,797,60.4809652926305,1.0746533395315,5,0.0145
"AK",2050,52668.6600406622,812,64.8628818234757,1.07245116723326,5,0.01409
"AK",2055,57343.9513677648,827,69.3397235402234,1.06902008654089,5,0.01344
"AK",2060,62159.7827814294,842,73.8239700492035,1.0646706718751,5,0.01261
"AK",2065,66380.5448219057,848,78.2789443654548,1.06034590544619,5,0.01179
"AK",2070,70596.8826835572,854,82.6661389737203,1.05604565370457,5,0.01097
"AK",2075,75032.6932027856,863,86.9440245686971,1.05174894640158,5,0.01014
"AK",2080,79322.7804238448,871,91.0709304521755,1.04746623938736,5,0.00932
"AK",2085,83224.3509392871,876,95.0049668256702,1.04319749841098,5,0.00849
"AK",2090,86959.7166873052,881,98.7056943102215,1.03895298959834,5,0.00767
"AK",2095,89978.2653706092,881,102.131969773677,1.03471203447176,5,0.00685
"AK",2100,92720.3257134198,881,105.244410571419,1.03047469665609,5,0.00602
"AL",1990,71698.0351484387,4049,17.707590799812,0.967612271734839,15,-0.00219
"AL",2005,115114.788697322,4570,25.1892316624336,1.42251037688882,15,0.02377
"AL",2010,115671.367869295,4785,24.1737445912842,0.959685667083531,5,-0.0082
"AL",2015,119766.69899443,4853,24.6788994424954,1.02089683910177,5,0.00414
"AL",2020,130103.312787337,4918,26.4545166302028,1.07194879949346,5,0.01399
"AL",2025,144998.259566733,5017,28.9013871968771,1.09249348989733,5,0.01785
"AL",2030,163310.532968202,5153,31.6923215540854,1.09656748785781,5,0.01861
"AL",2035,179177.924814229,5277,33.954505365592,1.07137955506497,5,0.01388
"AL",2040,198034.360089041,5400,36.6730296461187,1.08006372795763,5,0.01552
"AL",2045,218216.742453039,5499,39.6829864435423,1.08207548780313,5,0.0159
"AL",2050,240335.159205941,5598,42.9323256888069,1.08188242711741,5,0.01587
"AL",2055,259800.392455212,5695,45.6190329157528,1.06258005323123,5,0.01221
"AL",2060,279799.514614138,5792,48.3079272469161,1.05894237907518,5,0.01152
"AL",2065,299612.805195417,5877,50.980569201194,1.05532512170554,5,0.01083
"AL",2070,319605.620532881,5961,53.6161081249591,1.05169693012575,5,0.01013
"AL",2075,337956.822837936,6014,56.1950154369697,1.04809948730333,5,0.00944
"AL",2080,356048.605257045,6066,58.6957806226583,1.04450154815766,5,0.00875
"AL",2085,371715.546810509,6084,61.0972299162572,1.0409134910231,5,0.00805
"AL",2090,386738.306931959,6102,63.3789424667256,1.03734559739608,5,0.00736
"AL",2095,399211.578990344,6093,65.5197076957729,1.03377723177018,5,0.00667
"AL",2100,410731.147712341,6085,67.4989560743371,1.030208443355,5,0.00597
"AR",1990,38085.5689893863,2354,16.1790862316849,0.982268078965101,15,-0.00119
"AR",2005,66416.9670291026,2781,23.8824045412091,1.4761281446438,15,0.0263
"AR",2010,67222.9596726671,2922,23.0058041316451,0.963295136046649,5,-0.00745
"AR",2015,71826.6373391374,2978,24.1190857418191,1.04839133654288,5,0.0095
"AR",2020,75195.1276851884,3037,24.7596732582115,1.02655936146376,5,0.00526
"AR",2025,80902.8607782065,3104,26.0640659723604,1.05268214570304,5,0.01032
"AR",2030,89359.8750038266,3184,28.0652873755737,1.07678086010585,5,0.01491
"AR",2035,98064.9875764499,3252,30.1552852326107,1.0744691415081,5,0.01447
"AR",2040,107650.80229437,3320,32.4249404501114,1.07526558611511,5,0.01462
"AR",2045,118129.672774125,3373,35.0221383854505,1.08009877271279,5,0.01553
"AR",2050,129480.811970952,3425,37.8046166338547,1.07944912494435,5,0.01541
"AR",2055,140745.263988094,3477,40.4789370112436,1.07074057656212,5,0.01376
"AR",2060,152266.137392443,3528,43.1593359955904,1.06621712876507,5,0.01291
"AR",2065,163724.345413123,3573,45.8226547475855,1.06170898348082,5,0.01205
"AR",2070,175223.569965977,3617,48.4444484285256,1.05721610184705,5,0.01119
"AR",2075,185737.732584432,3642,50.9988282768897,1.05272802005647,5,0.01033
"AR",2080,196038.978787853,3667,53.4603160043232,1.04826557414357,5,0.00947
"AR",2085,204852.280217904,3671,55.8028548673125,1.04381827564955,5,0.00861
"AR",2090,213210.613293319,3676,58.0007109067788,1.03938608597521,5,0.00776
"AR",2095,220063.89279794,3666,60.028339552084,1.03495868608514,5,0.0069
"AR",2100,226169.678099127,3656,61.8626034187984,1.03055663175762,5,0.00604
"AZ",1990,69849.2211198277,3679,18.9859258276237,0.661682635975692,15,-0.02716
"AZ",2005,166949.000636797,5839,28.5920535428665,1.50596045736501,15,0.02767
"AZ",2010,163410.248683635,6408,25.5009751378956,0.891890297409504,5,-0.02262
"AZ",2015,177340.593979889,6834,25.9497503628751,1.01759835545711,5,0.0035
"AZ",2020,211400.707064503,7406,28.5445189123012,1.09999204281897,5,0.01924
"AZ",2025,250157.447592348,7914,31.6094828901122,1.10737486896268,5,0.02061
"AZ",2030,287938.85420437,8285,34.754237079586,1.09948768223784,5,0.01915
"AZ",2035,322327.50372621,8563,37.6418899598517,1.08308779368838,5,0.01609
"AZ",2040,359741.477354693,8842,40.6855323857377,1.08085785355444,5,0.01567
"AZ",2045,400476.773815298,9085,44.0810978332744,1.08345879354222,5,0.01616
"AZ",2050,445128.541532852,9328,47.7196120854258,1.08254137104101,5,0.01599
"AZ",2055,493700.936386442,9566,51.6099661704414,1.0815252663423,5,0.0158
"AZ",2060,544286.87425381,9803,55.5224802870356,1.07580927496974,5,0.01472
"AZ",2065,595171.70154622,10017,59.4161626780693,1.07012803410266,5,0.01365
"AZ",2070,647008.081887233,10230,63.2461468120462,1.06446030779081,5,0.01257
"AZ",2075,695583.461225897,10387,66.9667335347932,1.05882708924235,5,0.0115
"AZ",2080,743666.781295692,10544,70.5298540682561,1.05320732168625,5,0.01042
"AZ",2085,786100.965509556,10639,73.888614109367,1.04762182036929,5,0.00935
"AZ",2090,826470.863259727,10734,76.99560865099,1.04204970656269,5,0.00827
"AZ",2095,859838.925991522,10774,79.8068429544758,1.03651161868502,5,0.0072
"AZ",2100,889856.102090481,10815,82.2798060185373,1.03098685491759,5,0.00612
"CA",1990,775562.934151156,29950,25.8952565659818,0.811652433101593,15,-0.01382
"CA",2005,1263022.83909936,35828,35.2523958663436,1.36134568802281,15,0.02078
"CA",2010,1306176.44680366,37321,34.9984310925124,0.992795815217948,5,-0.00145
"CA",2015,1539727.09467371,38953,39.5278180030733,1.12941685581814,5,0.02464
"CA",2020,1814462.94201983,39914,45.4593110692948,1.15005870209584,5,0.02836
"CA",2025,2097191.12273176,41058,51.0787452562659,1.12361459192387,5,0.02358
"CA",2030,2359134.32082379,42583,55.4008482451633,1.08461646751918,5,0.01638
"CA",2035,2609552.22470373,44113,59.1560815338729,1.06778295653691,5,0.0132
"CA",2040,2885479.83953193,45644,63.2170677313979,1.0686486679345,5,0.01337
"CA",2045,3193012.34878799,47000,67.936432952936,1.0746533395315,5,0.0145
"CA",2050,3523218.81419996,48357,72.8585068180401,1.07245116723326,5,0.01409
"CA",2055,3869514.34407589,49681,77.8872072638612,1.06902008654089,5,0.01344
"CA",2060,4229467.18659376,51004,82.9242252880904,1.0646706718751,5,0.01261
"CA",2065,4590300.17718227,52205,87.9283627465237,1.06034590544619,5,0.01179
"CA",2070,4959179.90242228,53407,92.8563653158252,1.05604565370457,5,0.01097
"CA",2075,5304000.64809053,54310,97.6615843875995,1.05174894640158,5,0.01014
"CA",2080,5648135.99547909,55213,102.29721253109,1.04746623938736,5,0.00932
"CA",2085,5953056.28920293,55784,106.71619620685,1.04319749841098,5,0.00849
"CA",2090,6248254.17534567,56355,110.87311108767,1.03895298959834,5,0.00767
"CA",2095,6497954.20797831,56641,114.721742341737,1.03471203447176,5,0.00685
"CA",2100,6729905.91505914,56928,118.217852639459,1.03047469665609,5,0.00602
"CO",1990,76120.637965954,3304,23.038934009066,0.835394744435848,15,-0.01192
"CO",2005,159193.06670215,4632,34.3681059374244,1.49174028294453,15,0.02702
"CO",2010,168046.9276237,5048,33.289803411985,0.968624906842328,5,-0.00636
"CO",2015,195413.233752162,5452,35.8424860147033,1.0766806151159,5,0.01489
"CO",2020,227993.463573875,5849,38.9799048681613,1.08753351684844,5,0.01692
"CO",2025,265599.330687643,6189,42.914740780036,1.10094524153364,5,0.01942
"CO",2030,304069.575047117,6455,47.1060534542397,1.09766603731074,5,0.01881
"CO",2035,339946.203398611,6663,51.0199915051195,1.08308779368838,5,0.01609
"CO",2040,378903.758298774,6871,55.1453585065892,1.08085785355444,5,0.01567
"CO",2045,421281.199082464,7051,59.7477235970024,1.08345879354222,5,0.01616
"CO",2050,467761.295102621,7232,64.6793826192784,1.08254137104101,5,0.01599
"CO",2055,518207.279296976,7408,69.9523865141706,1.0815252663423,5,0.0158
"CO",2060,570812.407865147,7585,75.2554262182132,1.07580927496974,5,0.01472
"CO",2065,623647.097539136,7744,80.5329413144545,1.07012803410266,5,0.01365
"CO",2070,677477.716399673,7903,85.7241194988831,1.06446030779081,5,0.01257
"CO",2075,727860.732793536,8019,90.7670199268657,1.05882708924235,5,0.0115
"CO",2080,777581.84929085,8134,95.5964899546164,1.05320732168625,5,0.01042
"CO",2085,821521.991289276,8203,100.14896882717,1.04762182036929,5,0.00935
"CO",2090,863267.604004734,8272,104.360203578909,1.04204970656269,5,0.00827
"CO",2095,897815.677364344,8300,108.170563537873,1.03651161868502,5,0.0072
"CO",2100,928647.267087181,8327,111.522429096575,1.03098685491759,5,0.00612
"CT",1990,103718.467005076,3289,31.5349550030636,1.01193778149486,15,0.00079
"CT",2005,153890.650531298,3507,43.8809953040485,1.39150334287097,15,0.02227
"CT",2010,157048.618558367,3579,43.8805863532737,0.999990680458091,5,0
"CT",2015,153529.540441386,3588,42.7897269903529,0.975140273784434,5,-0.00502
"CT",2020,157295.429631568,3578,43.9618305286662,1.02739217145689,5,0.00542
"CT",2025,170822.406732021,3632,47.0326009724728,1.06985083211684,5,0.0136
"CT",2030,192084.890494669,3747,51.2636483839522,1.08995988578126,5,0.01738
"CT",2035,215408.069860323,3872,55.6322494473974,1.08521830187983,5,0.01649
"CT",2040,243937.344663655,3998,61.0148435877075,1.09675312779505,5,0.01864
"CT",2045,275405.935197586,4107,67.0576905764758,1.09903896549504,5,0.01907
"CT",2050,309138.186423529,4217,73.3076088270165,1.09320210995655,5,0.01798
"CT",2055,345142.195479157,4324,79.820119213496,1.08883812322739,5,0.01717
"CT",2060,382799.528665308,4431,86.3912274126174,1.08232395871955,5,0.01595
"CT",2065,420842.778750266,4528,92.94230979467,1.075830412164,5,0.01473
"CT",2070,459581.758236914,4624,99.3905186498516,1.0693786163635,5,0.01351
"CT",2075,496017.022649012,4695,105.647928146754,1.06295781108606,5,0.01229
"CT",2080,532000.975086747,4766,111.62420794938,1.05656788455259,5,0.01107
"CT",2085,563747.318175211,4809,117.227556285134,1.05019832560241,5,0.00984
"CT",2090,593740.764635163,4852,122.370314228187,1.04386987246022,5,0.00862
"CT",2095,618461.163500678,4871,126.96800728817,1.03757196415636,5,0.0074
"CT",2100,640303.318838555,4890,130.941373995614,1.03129423539291,5,0.00618
"DC",1990,43802.3416269292,604,72.5204331571675,1.27048002254091,15,0.01609
"DC",2005,63435.4288877906,567,111.879063294163,1.54272469735112,15,0.02933
"DC",2010,69787.5394149068,605,115.351304818028,1.03103566853018,5,0.00613
"DC",2015,74271.9047845344,675,110.032451532644,0.953889959946488,5,-0.0094
"DC",2020,82008.4760164479,714,114.857809546846,1.04385395351089,5,0.00862
"DC",2025,90751.6517423854,745,121.814297640786,1.06056608707223,5,0.01183
"DC",2030,100256.428921379,778,128.864304526194,1.05787503619812,5,0.01132
"DC",2035,110074.161158506,808,136.230397473398,1.05716162419289,5,0.01118
"DC",2040,120677.321966234,838,144.006350795029,1.05707942915713,5,0.01116
"DC",2045,131946.54146342,865,152.539354292971,1.05925435545608,5,0.01158
"DC",2050,143683.658185892,892,161.080334289117,1.05599197686219,5,0.01096
"DC",2055,155450.011649707,919,169.151264036678,1.05010499750438,5,0.00983
"DC",2060,167491.751526892,945,177.239948705706,1.04781923868612,5,0.00939
"DC",2065,179568.144525202,969,185.312842647268,1.04554782373,5,0.00895
"DC",2070,191978.011101674,993,193.331330414576,1.04327000575223,5,0.00851
"DC",2075,203672.258531888,1012,201.25717246234,1.04099615944694,5,0.00807
"DC",2080,215322.647418195,1030,209.051113998248,1.03872627961801,5,0.00763
"DC",2085,225773.467207618,1042,216.673193097522,1.03646036107389,5,0.00719
"DC",2090,236409.98596935,1055,224.085294757678,1.0342086695368,5,0.00675
"DC",2095,245350.906118006,1061,231.244963353446,1.03195064006101,5,0.00631
"DC",2100,254303.768123141,1068,238.112142437398,1.02969655634599,5,0.00587
"DE",1990,22157.5225734502,669,33.1203625911065,1.00669257121415,15,0.00044
"DE",2005,38061.8919725512,845,45.0436591391138,1.35999897390039,15,0.02071
"DE",2010,38088.5468473777,900,42.3206076081975,0.939546396030873,5,-0.01239
"DE",2015,41654.5883152432,941,44.266300016199,1.04597505843996,5,0.00903
"DE",2020,40959.9326170853,987,41.4994251439568,0.937494778844636,5,-0.01283
"DE",2025,42922.4997315301,1032,41.5915695072966,1.00222037686113,5,0.00044
"DE",2030,46499.1657863764,1074,43.2953126502574,1.04096366554914,5,0.00806
"DE",2035,50713.3184897436,1108,45.7701430412849,1.05716162419289,5,0.01118
"DE",2040,55253.0167668717,1142,48.3826766785216,1.05707942915713,5,0.01116
"DE",2045,60064.4854924073,1172,51.2495610003475,1.05925435545608,5,0.01158
"DE",2050,65051.1885313599,1202,54.1191252340765,1.05599197686219,5,0.01096
"DE",2055,69958.6703225779,1231,56.8307638688691,1.05010499750438,5,0.00983
"DE",2060,75030.9433410965,1260,59.548367731029,1.04781923868612,5,0.00939
"DE",2065,80129.4775124642,1287,62.260666287851,1.04554782373,5,0.00895
"DE",2070,85285.5022929343,1313,64.9546856762638,1.04327000575223,5,0.00851
"DE",2075,90066.6143316619,1332,67.6175783270735,1.04099615944694,5,0.00807
"DE",2080,94889.0461783944,1351,70.2361555724607,1.03872627961801,5,0.00763
"DE",2085,99076.704975666,1361,72.7969911650742,1.03646036107389,5,0.00719
"DE",2090,103294.147308144,1372,75.2872793791134,1.0342086695368,5,0.00675
"DE",2095,106905.23245377,1376,77.6927561437281,1.03195064006101,5,0.00631
"DE",2100,110479.949530285,1381,79.9999634542256,1.02969655634599,5,0.00587
"FL",1990,260480.777982874,13018,20.0092777679271,0.73745726090507,15,-0.0201
"FL",2005,511734.883637158,17842,28.6814753747987,1.43340882701785,15,0.02429
"FL",2010,486260.438981504,18846,25.8017849401201,0.899597548694834,5,-0.02094
"FL",2015,530513.242952459,20224,26.2318652567474,1.01666862651655,5,0.00331
"FL",2020,620999.215825891,21915,28.3367198642889,1.08024037127898,5,0.01556
"FL",2025,713682.522272624,23269,30.6709580245229,1.08237503039919,5,0.01596
"FL",2030,793308.54598532,24308,32.6356979589156,1.06405864247285,5,0.0125
"FL",2035,866566.827795818,25117,34.5012074609156,1.05716162419289,5,0.01118
"FL",2040,945498.145136826,25925,36.4705166880164,1.05707942915713,5,0.01116
"FL",2045,1028912.79984792,26634,38.6315536475152,1.05925435545608,5,0.01158
"FL",2050,1115487.83513112,27344,40.7946107054974,1.05599197686219,5,0.01096
"FL",2055,1200980.83990654,28035,42.8386245730885,1.05010499750438,5,0.00983
"FL",2060,1289427.83962318,28726,44.887134986534,1.04781923868612,5,0.00939
"FL",2065,1377537.68215784,29352,46.9316462986453,1.04554782373,5,0.00895
"FL",2070,1467745.23240368,29977,48.9623789039491,1.04327000575223,5,0.00851
"FL",2075,1551516.09718632,30440,50.9696483963967,1.04099615944694,5,0.00807
"FL",2080,1636060.44652033,30902,52.9435132522274,1.03872627961801,5,0.00763
"FL",2085,1711295.97535195,31186,54.8738528619237,1.03646036107389,5,0.00719
"FL",2090,1785954.42193085,31470,56.7510143606881,1.0342086695368,5,0.00675
"FL",2095,1850747.28924969,31602,58.5642455936236,1.03195064006101,5,0.00631
"FL",2100,1913668.15947277,31734,60.303402012755,1.02969655634599,5,0.00587
"GA",1990,141281.917217864,6507,21.712297098181,0.844210853247516,15,-0.01123
"GA",2005,282753.008240348,8926,31.677460031408,1.45896400957326,15,0.0255
"GA",2010,274816.201940806,9712,28.2965611553549,0.893271150126903,5,-0.02232
"GA",2015,304146.083848157,10181,29.8738909584674,1.0557428089743,5,0.01091
"GA",2020,348041.884162587,10725,32.4514577307773,1.08628158869206,5,0.01669
"GA",2025,388641.638180813,11200,34.700146266144,1.06929391443744,5,0.01349
"GA",2030,427257.801194184,11612,36.7945057866159,1.06035592773611,5,0.01179
"GA",2035,464516.805094113,11942,38.8977394987534,1.05716162419289,5,0.01118
"GA",2040,504600.099250178,12272,41.118000264845,1.05707942915713,5,0.01116
"GA",2045,546564.42747481,12549,43.5544208681815,1.05925435545608,5,0.01158
"GA",2050,589907.744212925,12826,45.9931189936789,1.05599197686219,5,0.01096
"GA",2055,632602.018581381,13098,48.2976041060758,1.05010499750438,5,0.00983
"GA",2060,676567.105526503,13369,50.6071587647919,1.04781923868612,5,0.00939
"GA",2065,720135.106126056,13610,52.9122047116867,1.04554782373,5,0.00895
"GA",2070,764598.969893966,13851,55.2017161139243,1.04327000575223,5,0.00851
"GA",2075,805368.814189696,14015,57.4647744694752,1.04099615944694,5,0.00807
"GA",2080,846406.630363606,14180,59.6901713937663,1.03872627961801,5,0.00763
"GA",2085,882339.974442812,14262,61.8664965953451,1.03646036107389,5,0.00719
"GA",2090,917770.246152519,14344,63.9828671327746,1.0342086695368,5,0.00675
"GA",2095,948150.027517093,14360,66.0271606906053,1.03195064006101,5,0.00631
"GA",2100,977326.637333532,14375,67.9879399884196,1.02969655634599,5,0.00587
"HI",1990,33532.008511511,1113,30.1275907560746,0.963242102954259,15,-0.00249
"HI",2005,43514.7177942099,1293,33.6540740867826,1.11705162086341,15,0.00741
"HI",2010,45063.8737335336,1364,33.0380305964322,0.981694831693726,5,-0.00369
"HI",2015,48881.8672324976,1422,34.3754340594216,1.04048072596476,5,0.00797
"HI",2020,52426.4732039932,1415,37.0505110982284,1.07781944030678,5,0.0151
"HI",2025,56312.4397560862,1424,39.545252637701,1.06733352565255,5,0.01312
"HI",2030,61707.0182611214,1460,42.2650810007681,1.06877762010993,5,0.01339
"HI",2035,67830.2895233557,1503,45.1299331492719,1.06778295653691,5,0.0132
"HI",2040,74560.5543913351,1546,48.2280429439425,1.0686486679345,5,0.01337
"HI",2045,82044.4005880933,1583,51.8284274087765,1.0746533395315,5,0.0145
"HI",2050,90045.2011020586,1620,55.5834574704065,1.07245116723326,5,0.01409
"HI",2055,98399.2426452637,1656,59.4198325152558,1.06902008654089,5,0.01344
"HI",2060,107040.239687376,1692,63.2625530067235,1.0646706718751,5,0.01261
"HI",2065,115713.326109096,1725,67.0801890487515,1.06034590544619,5,0.01179
"HI",2070,124465.426860238,1757,70.8397420946149,1.05604565370457,5,0.01097
"HI",2075,132620.01091824,1780,74.505624111371,1.05174894640158,5,0.01014
"HI",2080,140787.995125668,1804,78.0421259011461,1.04746623938736,5,0.00932
"HI",2085,147928.057878034,1817,81.4133505107507,1.04319749841098,5,0.00849
"HI",2090,154874.482992549,1831,84.5846439063623,1.03895298959834,5,0.00767
"HI",2095,160688.095129889,1836,87.5207489814213,1.03471203447176,5,0.00685
"HI",2100,166035.955671507,1841,90.187917257744,1.03047469665609,5,0.00602
"IA",1990,54317.4714146542,2780,19.5386587822497,1.16325104625511,15,0.01013
"IA",2005,91309.4469177106,2964,30.8061561800643,1.57667711603883,15,0.03082
"IA",2010,94901.5086205258,3051,31.105050350877,1.00970241691517,5,0.00193
"IA",2015,106779.428555135,3121,34.2132100465028,1.09992459939992,5,0.01923
"IA",2020,111659.367414482,3182,35.090938848046,1.02565467549962,5,0.00508
"IA",2025,121280.415858854,3257,37.2368485903758,1.06115281644706,5,0.01194
"IA",2030,133277.889708,3349,39.7963241887132,1.06873502176548,5,0.01338
"IA",2035,146233.618322591,3430,42.63370796577,1.07129763451524,5,0.01387
"IA",2040,160719.014306011,3511,45.7758514115669,1.07370091872655,5,0.01432
"IA",2045,176714.718382454,3576,49.4168675566147,1.07954010756265,5,0.01542
"IA",2050,193503.225631399,3641,53.1456263750067,1.07545518368035,5,0.01466
"IA",2055,207820.934687856,3705,56.0920201586656,1.05544000484383,5,0.01085
"IA",2060,222466.035151458,3768,59.0408798172659,1.0525718212726,5,0.0103
"IA",2065,236995.43880323,3824,61.9757946661166,1.04970987657932,5,0.00975
"IA",2070,251740.403818447,3880,64.8815473758884,1.04688528360832,5,0.00921
"IA",2075,265134.343809645,3914,67.7399958634761,1.04405641670393,5,0.00866
"IA",2080,278459.409465336,3948,70.5317653154346,1.0412130147983,5,0.00811
"IA",2085,290097.615441465,3961,73.2384790309177,1.03837581128699,5,0.00756
"IA",2090,301319.176721202,3973,75.8417258296506,1.03554479603043,5,0.00701
"IA",2095,310786.711479442,3968,78.3232639817142,1.03271995890016,5,0.00646
"IA",2100,319676.308845806,3963,80.6652305944501,1.02990128977876,5,0.00591
"ID",1990,17256.4535327898,1012,17.0518315541401,0.955334373682952,15,-0.00304
"ID",2005,35150.7988575665,1428,24.6154053624415,1.44356371831887,15,0.02478
"ID",2010,36750.0913471591,1571,23.3928016213616,0.950331764881461,5,-0.01014
"ID",2015,40114.3173341951,1652,24.2822744153723,1.03802335472287,5,0.00749
"ID",2020,47859.8435165721,1820,26.2966173167979,1.08295528116387,5,0.01607
"ID",2025,56607.316159876,1956,28.9403456850082,1.10053492190121,5,0.01934
"ID",2030,64829.1102402358,2041,31.7634053112375,1.09754754338307,5,0.01879
"ID",2035,72073.3560321211,2095,34.4025565785781,1.08308779368838,5,0.01609
"ID",2040,79909.0036661999,2149,37.1842734603071,1.08085785355444,5,0.01567
"ID",2045,88391.055968134,2194,40.2876280620483,1.08345879354222,5,0.01616
"ID",2050,97649.5610008292,2239,43.6130241182801,1.08254137104101,5,0.01599
"ID",2055,107638.716733228,2282,47.1685875255161,1.0815252663423,5,0.0158
"ID",2060,118031.483581123,2326,50.7444039471724,1.07580927496974,5,0.01472
"ID",2065,128426.616847158,2365,54.303009237699,1.07012803410266,5,0.01365
"ID",2070,138901.565218889,2403,57.8033979271281,1.06446030779081,5,0.01257
"ID",2075,148602.83508131,2428,61.2038035754982,1.05882708924235,5,0.0115
"ID",2080,158185.561576029,2454,64.4602940407616,1.05320732168625,5,0.01042
"ID",2085,166529.006101433,2466,67.5300105845225,1.04762182036929,5,0.00935
"ID",2090,174375.93747474,2478,70.3696277137773,1.04204970656269,5,0.00827
"ID",2095,180815.624148388,2479,72.9389367278694,1.03651161868502,5,0.0072
"ID",2100,186418.531660708,2479,75.1990849780994,1.03098685491759,5,0.00612
"IL",1990,277332.375480695,11447,24.227515985035,1.07365404481318,15,0.00475
"IL",2005,435297.587592906,12610,34.5200307369473,1.42482748781468,15,0.02388
"IL",2010,441049.963436425,12841,34.3470106250623,0.994987834361924,5,-0.001
"IL",2015,470728.262636151,12864,36.5926821079098,1.06538186124439,5,0.01275
"IL",2020,506086.43099663,12686,39.8933021438302,1.09019890988551,5,0.01742
"IL",2025,563335.633513641,12753,44.1727933438125,1.10727342611432,5,0.02059
"IL",2030,627636.831140297,13117,47.8491142136386,1.08322590878987,5,0.01612
"IL",2035,689468.035264078,13551,50.8794948907149,1.06333201203153,5,0.01236
"IL",2040,758829.87171177,13985,54.2602696969446,1.06644670536709,5,0.01295
"IL",2045,835064.592411517,14365,58.1318894821801,1.07135275601945,5,0.01388
"IL",2050,915917.168291787,14744,62.1213489074733,1.06862772672332,5,0.01336
"IL",2055,1000645.63885862,15115,66.2021593687474,1.06569095058371,5,0.01281
"IL",2060,1088411.60431095,15485,70.2881242693542,1.06171951095806,5,0.01205
"IL",2065,1176173.09943408,15820,74.3472249958334,1.05774945296483,5,0.01129
"IL",2070,1265633.72495478,16154,78.3480082304554,1.05381213938847,5,0.01054
"IL",2075,1348980.22657764,16400,82.2548918644905,1.04986576841294,5,0.00978
"IL",2080,1432018.61319419,16645,86.0329596391823,1.04593122292247,5,0.00902
"IL",2085,1505473.1758767,16793,89.6488522525277,1.04202915520412,5,0.00827
"IL",2090,1576632.79216193,16941,93.0660995314283,1.03811813752255,5,0.00751
"IL",2095,1636855.93078177,17006,96.2516718088777,1.03422913707019,5,0.00675
"IL",2100,1692983.71609088,17071,99.1730839488535,1.03035180672785,5,0.006
"IN",1990,109727.968530482,5555,19.7530096364505,1.05484213302034,15,0.00357
"IN",2005,181184.607713802,6279,28.85564703198,1.46082280943823,15,0.02559
"IN",2010,187303.170766248,6490,28.8602728453386,1.00016030877261,5,3e-05
"IN",2015,196660.301110118,6608,29.7609414512891,1.03120790336173,5,0.00617
"IN",2020,215029.818437069,6760,31.8091447392113,1.06882185804756,5,0.0134
"IN",2025,237266.795149401,6952,34.1292858385215,1.07293943670388,5,0.01418
"IN",2030,262988.70141694,7178,36.6381584587545,1.0735108443846,5,0.01429
"IN",2035,287747.678583459,7386,38.9585267510776,1.06333201203153,5,0.01236
"IN",2040,315467.832649784,7593,41.5471924996423,1.06644670536709,5,0.01295
"IN",2045,345766.879302966,7768,44.5116991893623,1.07135275601945,5,0.01388
"IN",2050,377820.200491276,7943,47.5664359173204,1.06862772672332,5,0.01336
"IN",2055,411358.441304355,8115,50.6911203086081,1.06569095058371,5,0.01281
"IN",2060,445950.46063047,8286,53.8197514639718,1.06171951095806,5,0.01205
"IN",2065,480356.883307091,8438,56.9278126697193,1.05774945296483,5,0.01129
"IN",2070,515324.580316973,8590,59.9912200601831,1.05381213938847,5,0.01054
"IN",2075,547634.822972939,8695,62.982728346514,1.04986576841294,5,0.00978
"IN",2080,579705.298325677,8800,65.8756020824633,1.04593122292247,5,0.00902
"IN",2085,607776.614372933,8854,68.6442979865522,1.04202915520412,5,0.00827
"IN",2090,634720.75415379,8907,71.2608907773425,1.03811813752255,5,0.00751
"IN",2095,657404.799013497,8920,73.7000895755041,1.03422913707019,5,0.00675
"IN",2100,678269.466660519,8932,75.9370204501253,1.03035180672785,5,0.006
"KS",1990,51931.1318258729,2481,20.9315323764099,0.972642875742302,15,-0.00185
"KS",2005,77589.8020605623,2745,28.265865960132,1.35039639964382,15,0.02023
"KS",2010,85641.478177809,2858,29.965527703922,1.06013124615348,5,0.01175
"KS",2015,91979.6266276351,2910,31.6081191160258,1.05481603488961,5,0.01073
"KS",2020,100397.093793596,2919,34.3943452530305,1.08814906470003,5,0.01704
"KS",2025,110673.701985332,2962,37.3645178883632,1.08635642322835,5,0.0167
"KS",2030,122373.15745905,3044,40.2014314911465,1.07592533673951,5,0.01474
"KS",2035,134758.828483191,3129,43.0676984605917,1.07129763451524,5,0.01387
"KS",2040,148574.991450901,3213,46.2418274045755,1.07370091872655,5,0.01432
"KS",2045,163887.055765141,3283,49.9199073302288,1.07954010756265,5,0.01542
"KS",2050,180064.933901339,3354,53.6866231071374,1.07545518368035,5,0.01466
"KS",2055,193900.819372186,3422,56.6630097522461,1.05544000484383,5,0.01085
"KS",2060,208209.828821617,3491,59.6418873737086,1.0525718212726,5,0.0103
"KS",2065,222378.921087215,3552,62.6066782340134,1.04970987657932,5,0.00975
"KS",2070,236803.282486927,3613,65.5420100987898,1.04688528360832,5,0.00921
"KS",2075,250041.598381529,3654,68.429556207315,1.04405641670393,5,0.00866
"KS",2080,263196.556256616,3694,71.2497445199285,1.0412130147983,5,0.00811
"KS",2085,274776.617856302,3714,73.9840112698712,1.03837581128699,5,0.00756
"KS",2090,286075.771849135,3734,76.6137578599719,1.03554479603043,5,0.00701
"KS",2095,295594.400460108,3736,79.1205568683372,1.03271995890016,5,0.00646
"KS",2100,304514.540648812,3737,81.4863635667145,1.02990128977876,5,0.00591
"KY",1990,66939.0508896067,3693,18.1259276711635,1.03698307407496,15,0.00242
"KY",2005,107130.384407018,4183,25.6108975393302,1.41294271962006,15,0.02331
"KY",2010,109186.617607923,4348,25.1119175731193,0.980516888740641,5,-0.00393
"KY",2015,114666.098304408,4426,25.9073877777696,1.03167699966894,5,0.00626
"KY",2020,121803.400340023,4499,27.0734386174756,1.04500842963051,5,0.00884
"KY",2025,133508.909816038,4595,29.0552578489745,1.07320160765318,5,0.01423
"KY",2030,149588.950947954,4719,31.6992903047158,1.09100013737564,5,0.01757
"KY",2035,164002.360578934,4829,33.9619715425417,1.07137955506497,5,0.01388
"KY",2040,181167.921255968,4939,36.6810935930286,1.08006372795763,5,0.01552
"KY",2045,199530.237444699,5027,39.6917122428286,1.08207548780313,5,0.0159
"KY",2050,219604.191210046,5114,42.9417659777172,1.08188242711741,5,0.01587
"KY",2055,237271.132687917,5200,45.6290639784457,1.06258005323123,5,0.01221
"KY",2060,255363.534447371,5285,48.3185495643087,1.05894237907518,5,0.01152
"KY",2065,273315.936509798,5360,50.9917791995892,1.05532512170554,5,0.01083
"KY",2070,291413.995807592,5434,53.627897645858,1.05169693012575,5,0.01013
"KY",2075,307960.191340203,5479,56.2073720277794,1.04809948730333,5,0.00944
"KY",2080,324306.787545311,5524,58.708687100889,1.04450154815766,5,0.00875
"KY",2085,338369.749024042,5537,61.1106644435691,1.0409134910231,5,0.00805
"KY",2090,351893.86974411,5551,63.3928787144857,1.03734559739608,5,0.00736
"KY",2095,363190.063508919,5542,65.5341146714036,1.03377723177018,5,0.00667
"KY",2100,373486.331986906,5532,67.5137982622751,1.030208443355,5,0.00597
"LA",1990,94385.3798902733,4219,22.3715050699866,0.973959372835583,15,-0.00176
"LA",2005,155818.686477085,4577,34.0438467286617,1.52175039730942,15,0.02839
"LA",2010,156978.808171916,4545,34.5387916769893,1.01453845542992,5,0.00289
"LA",2015,146808.704145836,4665,31.4702474053239,0.911156582999118,5,-0.01844
"LA",2020,150358.55920674,4648,32.3490876090232,1.02792606592443,5,0.00552
"LA",2025,162783.498535053,4678,34.7976696312639,1.0756924600729,5,0.0147
"LA",2030,180777.674709886,4795,37.701287739288,1.08344288967602,5,0.01616
"LA",2035,199546.69495486,4926,40.5088702709825,1.0744691415081,5,0.01447
"LA",2040,220228.207145493,5056,43.5577941347889,1.07526558611511,5,0.01462
"LA",2045,243043.355453161,5166,47.0467199870618,1.08009877271279,5,0.01553
"LA",2050,267888.452306102,5275,50.7845407215359,1.07944912494435,5,0.01541
"LA",2055,292657.382196721,5382,54.37706841262,1.07074057656212,5,0.01376
"LA",2060,318239.934265322,5489,57.9777617535657,1.06621712876507,5,0.01291
"LA",2065,343664.41509845,5583,61.5555104958714,1.06170898348082,5,0.01205
"LA",2070,369509.913575027,5678,65.0774768536504,1.05721610184705,5,0.01119
"LA",2075,393378.008244015,5742,68.5088833584143,1.05272802005647,5,0.01033
"LA",2080,417032.631423964,5807,71.8155039476432,1.04826557414357,5,0.00947
"LA",2085,437705.076958412,5839,74.9623354955321,1.04381827564955,5,0.00861
"LA",2090,457437.840622844,5871,77.9148084862619,1.03938608597521,5,0.00776
"LA",2095,473832.459535731,5876,80.6386078175172,1.03495868608514,5,0.0069
"LA",2100,488809.799428944,5882,83.1026520620442,1.03055663175762,5,0.00604
"MA",1990,162396.058170538,6019,26.980571219561,0.987974644045814,15,-0.00081
"MA",2005,248012.186743209,6403,38.7337477343759,1.43561629659989,15,0.0244
"MA",2010,269456.033541164,6566,41.0380800397752,1.05949159170452,5,0.01162
"MA",2015,298134.774934895,6796,43.869154640214,1.06898652660395,5,0.01343
"MA",2020,335332.957225326,6984,48.014455501908,1.09449238071012,5,0.01822
"MA",2025,382605.146679686,7217,53.0144307440329,1.1041347900306,5,0.02001
"MA",2030,436827.728347443,7492,58.3058900623923,1.09981167852029,5,0.01921
"MA",2035,490694.670369053,7755,63.2746190031016,1.08521830187983,5,0.01649
"MA",2040,556491.626503266,8019,69.3966363016918,1.09675312779505,5,0.01864
"MA",2045,629376.800015976,8252,76.2696073698469,1.09903896549504,5,0.01907
"MA",2050,707463.142033794,8485,83.3780957022739,1.09320210995655,5,0.01798
"MA",2055,791011.87665197,8713,90.7852492427373,1.08883812322739,5,0.01717
"MA",2060,878435.910162439,8940,98.2590503537404,1.08232395871955,5,0.01595
"MA",2065,966824.342665742,9146,105.710074640908,1.075830412164,5,0.01473
"MA",2070,1057188.3610576,9352,113.044093355176,1.0693786163635,5,0.01351
"MA",2075,1142251.43588792,9506,120.161102029026,1.06295781108606,5,0.01229
"MA",2080,1226544.72925659,9661,126.958361376316,1.05656788455259,5,0.01107
"MA",2085,1300915.04096144,9757,133.331458538632,1.05019832560241,5,0.00984
"MA",2090,1371486.54507411,9854,139.180692619658,1.04386987246022,5,0.00862
"MA",2095,1429947.66764803,9902,144.40998461402,1.03757196415636,5,0.0074
"MA",2100,1481845.38742289,9950,148.929184665617,1.03129423539291,5,0.00618
"MD",1990,116548.038058247,4797,24.296026278559,0.953167080972473,15,-0.00319
"MD",2005,194195.35982854,5592,34.727353331284,1.42934292765112,15,0.0241
"MD",2010,207676.380092003,5789,35.8743099139753,1.03302746891621,5,0.00652
"MD",2015,218604.244131009,5987,36.5131525189593,1.01780780192054,5,0.00354
"MD",2020,241277.796185422,6086,39.644724972958,1.08576560055648,5,0.01659
"MD",2025,262965.029377079,6239,42.1485862120659,1.06315748793353,5,0.01232
"MD",2030,288148.235045611,6458,44.6188038162916,1.05860736566102,5,0.01146
"MD",2035,315090.83790799,6680,47.1692871119745,1.05716162419289,5,0.01118
"MD",2040,344145.336715304,6902,49.8616830940748,1.05707942915713,5,0.01116
"MD",2045,374783.790593214,7096,52.8162049877698,1.05925435545608,5,0.01158
"MD",2050,406644.506223936,7291,55.7734887153937,1.05599197686219,5,0.01096
"MD",2055,438147.351846831,7481,58.5680192282891,1.05010499750438,5,0.00983
"MD",2060,470759.277135121,7671,61.3686973191398,1.04781923868612,5,0.00939
"MD",2065,503237.529872807,7843,64.1639079271716,1.04554782373,5,0.00895
"MD",2070,536526.348947009,8015,66.9402805922656,1.04327000575223,5,0.00851
"MD",2075,567371.809722047,8142,69.6845750088488,1.04099615944694,5,0.00807
"MD",2080,598536.675389626,8269,72.3831993457039,1.03872627961801,5,0.00763
"MD",2085,626211.279410798,8347,75.0223169295313,1.03646036107389,5,0.00719
"MD",2090,653607.466382826,8424,77.5887305772585,1.0342086695368,5,0.00675
"MD",2095,677293.014188738,8459,80.0677401807232,1.03195064006101,5,0.00631
"MD",2100,700374.321495524,8495,82.4454763384961,1.02969655634599,5,0.00587
"ME",1990,23661.395836538,1231,19.2212801271633,0.946802888208166,15,-0.00364
"ME",2005,34024.9477160834,1319,25.7960179803513,1.34205514979706,15,0.01981
"ME",2010,34128.3940160055,1328,25.6990918795222,0.996242594461557,5,-0.00075
"ME",2015,34020.5052369456,1328,25.6178503290253,0.996838738470693,5,-0.00063
"ME",2020,37422.3142117464,1345,27.8232819418189,1.0860896439189,5,0.01665
"ME",2025,41568.4626145301,1368,30.3863030807969,1.0921178581426,5,0.01778
"ME",2030,46607.3268627073,1399,33.3147440047944,1.09637371536152,5,0.01857
"ME",2035,51519.1221309331,1425,36.1537699164443,1.08521830187983,5,0.01649
"ME",2040,57534.7041045296,1451,39.6517602374428,1.09675312779505,5,0.01864
"ME",2045,64104.4582701338,1471,43.5788295514166,1.09903896549504,5,0.01907
"ME",2050,70984.2979384174,1490,47.6404684150453,1.09320210995655,5,0.01798
"ME",2055,78327.8649102543,1510,51.8727582187114,1.08883812322739,5,0.01717
"ME",2060,85842.8442791911,1529,56.1431290249778,1.08232395871955,5,0.01595
"ME",2065,93318.750312438,1545,60.4004856391185,1.075830412164,5,0.01473
"ME",2070,100826.531894053,1561,64.5909877604437,1.0693786163635,5,0.01351
"ME",2075,107654.952106261,1568,68.6574949657277,1.06295781108606,5,0.01229
"ME",2080,114325.09544224,1576,72.5413042146191,1.05656788455259,5,0.01107
"ME",2085,120064.023807776,1576,76.1827562232078,1.05019832560241,5,0.00984
"ME",2090,125251.692335262,1575,79.5248840223883,1.04386987246022,5,0.00862
"ME",2095,129380.054899404,1568,82.5127901144159,1.03757196415636,5,0.0074
"ME",2100,132918.335003826,1562,85.0949647911818,1.03129423539291,5,0.00618
"MI",1990,196465.592242219,9310,21.1026414868119,1.0155325824807,15,0.00103
"MI",2005,286061.385918224,10051,28.4609875552904,1.34869312797059,15,0.02014
"MI",2010,254453.14685308,9878,25.7595815805912,0.905083898812323,5,-0.01975
"MI",2015,279438.284163704,9933,28.1323149263772,1.09211070988722,5,0.01778
"MI",2020,313168.129529645,10048,31.1672103433166,1.1078793346684,5,0.0207
"MI",2025,353809.993012819,10251,34.5146808128786,1.10740359604496,5,0.02061
"MI",2030,394973.884864827,10564,37.3886676320359,1.08326853244678,5,0.01613
"MI",2035,432352.668086317,10875,39.756567180351,1.06333201203153,5,0.01236
"MI",2040,474266.937324129,11186,42.3982600861907,1.06644670536709,5,0.01295
"MI",2045,520144.415981457,11451,45.4234927937697,1.07135275601945,5,0.01388
"MI",2050,568704.057836763,11716,48.5408038440392,1.06862772672332,5,0.01336
"MI",2055,619408.97780766,11974,51.7294953906514,1.06569095058371,5,0.01281
"MI",2060,671863.450568984,12233,54.9222145482698,1.06171951095806,5,0.01205
"MI",2065,724082.897999432,12464,58.0939423940494,1.05774945296483,5,0.01129
"MI",2070,777127.971230937,12694,61.2201017197839,1.05381213938847,5,0.01054
"MI",2075,826292.262711324,12856,64.2728891343594,1.04986576841294,5,0.00978
"MI",2080,875068.105295856,13017,67.225021533061,1.04593122292247,5,0.00902
"MI",2085,917870.815693628,13103,70.0504323966747,1.04202915520412,5,0.00827
"MI",2090,959039.594749217,13188,72.7206244122852,1.03811813752255,5,0.00751
"MI",2095,993671.727420825,13212,75.2097886331233,1.03422913707019,5,0.00675
"MI",2100,1025613.78809927,13235,77.4925416017586,1.03035180672785,5,0.006
"MN",1990,102778.653207199,4387,23.4280039223157,0.97056708443487,15,-0.00199
"MN",2005,179028.10141236,5120,34.9664260571015,1.49250555758168,15,0.02706
"MN",2010,180786.053871158,5311,34.0399272963957,0.973503189625593,5,-0.00536
"MN",2015,197586.240690402,5483,36.0361555153023,1.05864372745349,5,0.01146
"MN",2020,219547.324239871,5696,38.5441229353706,1.06959586515835,5,0.01355
"MN",2025,243999.263165013,5904,41.3277884764588,1.07222023304968,5,0.01404
"MN",2030,270359.133883581,6103,44.299382907354,1.07190305942908,5,0.01398
"MN",2035,297560.557226964,6270,47.4578241191331,1.07129763451524,5,0.01387
"MN",2040,328000.613734076,6437,50.9555093574765,1.07370091872655,5,0.01432
"MN",2045,361846.018594526,6578,55.0085160526796,1.07954010756265,5,0.01542
"MN",2050,397431.463514539,6718,59.1591937354182,1.07545518368035,5,0.01466
"MN",2055,428019.205998882,6855,62.438979722667,1.05544000484383,5,0.01085
"MN",2060,459524.802150792,6992,65.7215106050903,1.0525718212726,5,0.0103
"MN",2065,490784.322642721,7114,68.9885187858758,1.04970987657932,5,0.00975
"MN",2070,522606.098737035,7236,72.2230650548694,1.04688528360832,5,0.00921
"MN",2075,551888.862018885,7319,75.4049545045615,1.04405641670393,5,0.00866
"MN",2080,581150.413317155,7402,78.5126200104235,1.0412130147983,5,0.00811
"MN",2085,606876.60733895,7444,81.5256054995903,1.03837581128699,5,0.00756
"MN",2090,631909.272639704,7485,84.4234165183306,1.03554479603043,5,0.00701
"MN",2095,653369.98979424,7494,87.1857472370216,1.03271995890016,5,0.00646
"MN",2100,673624.936900064,7502,89.7927135297339,1.02990128977876,5,0.00591
"MO",1990,104667.696059581,5126,20.4189808934024,0.988271972284977,15,-0.00079
"MO",2005,165977.366985382,5790,28.6662119145738,1.40390022715757,15,0.02287
"MO",2010,171184.587174711,5996,28.5497977276035,0.995938975567571,5,-0.00081
"MO",2015,175045.736185299,6072,28.8283491741269,1.00975668721653,5,0.00194
"MO",2020,187422.256409299,6166,30.3960843998215,1.05438172044557,5,0.01065
"MO",2025,209203.956058789,6303,33.1911718322687,1.0919555096532,5,0.01775
"MO",2030,232249.246814162,6494,35.7636659707672,1.07750537255806,5,0.01504
"MO",2035,255857.758389076,6678,38.313530756076,1.07129763451524,5,0.01387
"MO",2040,282283.9685094,6862,41.137273172457,1.07370091872655,5,0.01432
"MO",2045,311620.31285519,7017,44.4093363054282,1.07954010756265,5,0.01542
"MO",2050,342488.759443962,7171,47.7602509334768,1.07545518368035,5,0.01466
"MO",2055,369087.957927456,7322,50.4080794765715,1.05544000484383,5,0.01085
"MO",2060,396450.302688713,7472,53.0581240215086,1.0525718212726,5,0.0103
"MO",2065,423621.013638834,7606,55.6956368181481,1.04970987657932,5,0.00975
"MO",2070,451295.735306913,7740,58.3069425461128,1.04688528360832,5,0.00921
"MO",2075,476717.900391132,7831,60.8757375036563,1.04405641670393,5,0.00866
"MO",2080,502132.881800426,7922,63.3846101742522,1.0412130147983,5,0.00811
"MO",2085,524364.405583965,7967,65.8170460127984,1.03837581128699,5,0.00756
"MO",2090,546138.030402543,8013,68.1564994886488,1.03554479603043,5,0.00701
"MO",2095,564570.736929935,8021,70.3865773506963,1.03271995890016,5,0.00646
"MO",2100,582032.059949861,8029,72.4912267965949,1.02990128977876,5,0.00591
"MS",1990,38390.2809311388,2577,14.8972762635385,0.965878399100304,15,-0.00231
"MS",2005,60435.4861900507,2906,20.7967949724882,1.39601324460827,15,0.02249
"MS",2010,63453.8334442184,2971,21.3577359287171,1.02697247133373,5,0.00534
"MS",2015,63324.3669093467,2989,21.1858035829196,0.991949879595322,5,-0.00162
"MS",2020,66072.083934115,2986,22.1272886584444,1.04443943189787,5,0.00873
"MS",2025,71573.8067652523,3010,23.7786733439376,1.0746311358334,5,0.0145
"MS",2030,79751.9909262242,3073,25.9524864712738,1.09141860422126,5,0.01765
"MS",2035,87196.3652488143,3136,27.8049634084229,1.07137955506497,5,0.01388
"MS",2040,96069.5926583712,3199,30.0311324346268,1.08006372795763,5,0.01552
"MS",2045,105514.357048222,3247,32.4959522784791,1.08207548780313,5,0.0159
"MS",2050,115806.498286022,3294,35.1567997225325,1.08188242711741,5,0.01587
"MS",2055,124809.450076952,3341,37.3569141206082,1.06258005323123,5,0.01221
"MS",2060,134025.2805127,3388,39.5588195137839,1.05894237907518,5,0.01152
"MS",2065,143110.142109401,3428,41.7474160179115,1.05532512170554,5,0.01083
"MS",2070,152220.816667718,3467,43.90562926672,1.05169693012575,5,0.01013
"MS",2075,160554.944191862,3489,46.0174675241795,1.04809948730333,5,0.00944
"MS",2080,168709.259410264,3510,48.0653160713002,1.04450154815766,5,0.00875
"MS",2085,175711.807852557,3512,50.0318359489057,1.0409134910231,5,0.00805
"MS",2090,182377.670895859,3514,51.9003047512404,1.03734559739608,5,0.00736
"MS",2095,187894.043514928,3502,53.6533533737658,1.03377723177018,5,0.00667
"MS",2100,192906.740433272,3490,55.2741376599633,1.030208443355,5,0.00597
"MT",1990,13142.8423191304,800,16.428552898913,0.981737212800875,15,-0.00123
"MT",2005,23530.5427129469,940,25.0324922478159,1.52371863802272,15,0.02847
"MT",2010,25730.8391658905,991,25.9645198444909,1.03723271288564,5,0.00734
"MT",2015,28383.6338510084,1031,27.5301977216376,1.06030066746946,5,0.01178
"MT",2020,29050.7750602101,1079,26.9237952365247,0.977973188160709,5,-0.00444
"MT",2025,31334.7855348181,1118,28.0275362565457,1.04099500127396,5,0.00807
"MT",2030,34819.8858279326,1150,30.2781615895066,1.0803005056299,5,0.01557
"MT",2035,38434.4592769811,1172,32.793907232919,1.08308779368838,5,0.01609
"MT",2040,42357.4348568163,1195,35.4455521814363,1.08085785355444,5,0.01567
"MT",2045,46545.3997859594,1212,38.4037952029368,1.08345879354222,5,0.01616
"MT",2050,51094.0737508513,1229,41.5736971121654,1.08254137104101,5,0.01599
"MT",2055,55978.9397833757,1245,44.9630038420688,1.0815252663423,5,0.0158
"MT",2060,60996.6084869491,1261,48.3716165637979,1.07580927496974,5,0.01472
"MT",2065,65998.8742482257,1275,51.7638229397849,1.07012803410266,5,0.01365
"MT",2070,71024.5894846978,1289,55.1005348989122,1.06446030779081,5,0.01257
"MT",2075,75611.1529215943,1296,58.3419389827116,1.05882708924235,5,0.0115
"MT",2080,80064.3429592473,1303,61.4461572979641,1.05320732168625,5,0.01042
"MT",2085,84005.8973879643,1305,64.3723351631911,1.04762182036929,5,0.00935
"MT",2090,87739.5582415666,1308,67.0791729675586,1.04204970656269,5,0.00827
"MT",2095,90595.4298249113,1303,69.5283421526564,1.03651161868502,5,0.0072
"MT",2100,93044.2832310749,1298,71.6828068036016,1.03098685491759,5,0.00612
"NC",1990,138659.340280982,6657,20.829103241848,0.916564810085071,15,-0.00579
"NC",2005,258610.038046268,8705,29.7082180409268,1.42628406494426,15,0.02395
"NC",2010,275055.461174368,9574,28.7294193831594,0.967052932746793,5,-0.00668
"NC",2015,296855.34094322,10033,29.5878940439769,1.02988137871386,5,0.00591
"NC",2020,332573.279825478,10601,31.3718781082424,1.06029439140258,5,0.01178
"NC",2025,375029.57066798,11088,33.8230132276317,1.07813160279828,5,0.01516
"NC",2030,412768.617084561,11482,35.949191524522,1.06286188290147,5,0.01227
"NC",2035,447726.369257411,11781,38.0041057004848,1.05716162419289,5,0.01118
"NC",2040,485253.995624348,12079,40.1733583594957,1.05707942915713,5,0.01116
"NC",2045,524390.536742564,12323,42.5538048155939,1.05925435545608,5,0.01158
"NC",2050,564761.636277811,12568,44.9364764702268,1.05599197686219,5,0.01096
"NC",2055,604336.953078358,12807,47.1880185116232,1.05010499750438,5,0.00983
"NC",2060,645102.569356123,13047,49.4445136319554,1.04781923868612,5,0.00939
"NC",2065,685393.570837436,13258,51.6966036232792,1.04554782373,5,0.00895
"NC",2070,726376.592941591,13468,53.9335159594291,1.04327000575223,5,0.00851
"NC",2075,763903.196015481,13606,56.1445829792357,1.04099615944694,5,0.00807
"NC",2080,801476.007755896,13743,58.3188537987264,1.03872627961801,5,0.00763
"NC",2085,834203.93284614,13801,60.4451802656431,1.03646036107389,5,0.00719
"NC",2090,866429.202349454,13860,62.5129294624426,1.0342086695368,5,0.00675
"NC",2095,893918.639159357,13857,64.5102575708564,1.03195064006101,5,0.00631
"NC",2100,920199.240435604,13853,66.4259900697036,1.02969655634599,5,0.00587
"ND",1990,11264.9265882172,637,17.6843431526173,1.00981503908797,15,0.00065
"ND",2005,18472.4628946718,646,28.5951437998016,1.61697517137183,15,0.03256
"ND",2010,23924.0194365769,675,35.4429917578917,1.23947590563044,5,0.04387
"ND",2015,34658.3183131522,754,45.9659394073637,1.29689783868567,5,0.05337
"ND",2020,34067.1775784037,770,44.2430877641607,0.962518950653121,5,-0.00761
"ND",2025,38109.3625338271,794,47.9966782541902,1.08484015650169,5,0.01642
"ND",2030,42121.9103106451,816,51.6199881257906,1.0754908465209,5,0.01466
"ND",2035,46120.5095581687,834,55.3003711728641,1.07129763451524,5,0.01387
"ND",2040,50588.4025527586,852,59.3760593342237,1.07370091872655,5,0.01432
"ND",2045,55509.5932579519,866,64.0988374803139,1.07954010756265,5,0.01542
"ND",2050,60732.1112187936,881,68.9354270360881,1.07545518368035,5,0.01466
"ND",2055,65044.9434557232,894,72.7572074448805,1.05544000484383,5,0.01085
"ND",2060,69536.6252066771,908,76.582186350966,1.0525718212726,5,0.0103
"ND",2065,73957.9511920352,920,80.389077382647,1.04970987657932,5,0.00975
"ND",2070,78435.3884136608,932,84.1581420747434,1.04688528360832,5,0.00921
"ND",2075,82418.1656594535,938,87.8658482510165,1.04405641670393,5,0.00866
"ND",2080,86363.7891289572,944,91.4870647552513,1.0412130147983,5,0.00811
"ND",2085,90058.0614229491,948,94.997955087499,1.03837581128699,5,0.00756
"ND",2090,93554.280761197,951,98.3746380243922,1.03554479603043,5,0.00701
"ND",2095,96310.5926262255,948,101.593452137369,1.03271995890016,5,0.00646
"ND",2100,98876.5098829387,945,104.631227389353,1.02990128977876,5,0.00591
"NE",1990,33390.7796621033,1581,21.1200377369407,1.10836232442137,15,0.00688
"NE",2005,56415.6772102572,1761,32.0361596878235,1.51686091127525,15,0.02817
"NE",2010,62103.954426217,1830,33.9365871181514,1.05932132467957,5,0.01159
"NE",2015,69602.8592107514,1892,36.7879805553654,1.08402121955537,5,0.01627
"NE",2020,73439.8964652032,1952,37.6228977793049,1.02269538070139,5,0.0045
"NE",2025,79999.8328518283,2012,39.7613483358988,1.05683907095987,5,0.01112
"NE",2030,88157.9961469153,2077,42.4448705570127,1.06749072487291,5,0.01315
"NE",2035,97080.7759224457,2135,45.4710894250331,1.07129763451524,5,0.01387
"NE",2040,107067.414627104,2193,48.8223504911554,1.07370091872655,5,0.01432
"NE",2045,118060.73552153,2240,52.7056855006831,1.07954010756265,5,0.01542
"NE",2050,129689.794934439,2288,56.6826026811361,1.07545518368035,5,0.01466
"NE",2055,139691.576856872,2335,59.8250864483393,1.05544000484383,5,0.01085
"NE",2060,149995.016878113,2382,62.970200200719,1.0525718212726,5,0.0103
"NE",2065,160161.368738952,2423,66.1004410808718,1.04970987657932,5,0.00975
"NE",2070,170576.962253693,2465,69.1995790075834,1.04688528360832,5,0.00921
"NE",2075,180042.675124226,2492,72.2482644960778,1.04405641670393,5,0.00866
"NE",2080,189569.099890564,2520,75.2258332899065,1.0412130147983,5,0.00811
"NE",2085,197937.545493218,2534,78.1126856721462,1.03837581128699,5,0.00756
"NE",2090,206105.643766663,2548,80.8891851517517,1.03554479603043,5,0.00701
"NE",2095,213016.483711731,2550,83.5358759653846,1.03271995890016,5,0.00646
"NE",2100,219471.985025248,2551,86.0337063995485,1.02990128977876,5,0.00591
"NH",1990,23331.8618545865,1112,20.9818901570022,0.761996421086536,15,-0.01796
"NH",2005,40842.8839127873,1298,31.4660122594663,1.49967481594909,15,0.02738
"NH",2010,42166.742695839,1317,32.0172685617608,1.01751910276233,5,0.00348
"NH",2015,45170.4932328397,1336,33.8102494257782,1.05600043178445,5,0.01096
"NH",2020,50181.5675739748,1369,36.6556373805514,1.08415755586244,5,0.01629
"NH",2025,56259.1628419513,1403,40.0991894810772,1.09394331531534,5,0.01812
"NH",2030,63426.1588583793,1442,43.9848535772394,1.09690131263117,5,0.01867
"NH",2035,70454.1561267066,1476,47.7331681075248,1.08521830187983,5,0.01649
"NH",2040,79050.7671464571,1510,52.3515014214948,1.09675312779505,5,0.01864
"NH",2045,88433.3545252702,1537,57.5363399643918,1.09903896549504,5,0.01907
"NH",2050,98310.8998120151,1563,62.8988482482502,1.09320210995655,5,0.01798
"NH",2055,108893.795568864,1590,68.486663879789,1.08883812322739,5,0.01717
"NH",2060,119785.607586507,1616,74.1247571698684,1.08232395871955,5,0.01595
"NH",2065,130703.149946432,1639,79.7456680576159,1.075830412164,5,0.01473
"NH",2070,141732.55482394,1662,85.2783121684359,1.0693786163635,5,0.01351
"NH",2075,151834.140459754,1675,90.6472480356742,1.06295781108606,5,0.01229
"NH",2080,161763.92618379,1689,95.7749710975663,1.05656788455259,5,0.01107
"NH",2085,170387.117992494,1694,100.582714281283,1.05019832560241,5,0.00984
"NH",2090,178281.960188204,1698,104.995265128506,1.04386987246022,5,0.00862
"NH",2095,184762.483319187,1696,108.940143466502,1.03757196415636,5,0.0074
"NH",2100,190207.435938075,1693,112.349341959879,1.03129423539291,5,0.00618
"NJ",1990,216859.038096703,7757,27.9565602806115,1.03756574856981,15,0.00246
"NJ",2005,325886.942108465,8652,37.6660820744874,1.34730745472324,15,0.02007
"NJ",2010,327847.979327846,8800,37.2554521963461,0.989098152620993,5,-0.00219
"NJ",2015,338653.357870626,8871,38.1753306133047,1.02469110862245,5,0.00489
"NJ",2020,366237.585062976,8961,40.8701690729802,1.07059109682566,5,0.01374
"NJ",2025,406206.723335121,9166,44.3166837590139,1.08432836869061,5,0.01632
"NJ",2030,453416.877265841,9483,47.8136536186693,1.07890865387562,5,0.01531
"NJ",2035,505081.280693073,9813,51.4706288283984,1.07648391061881,5,0.01485
"NJ",2040,561940.924552374,10143,55.4018460566276,1.07637787448325,5,0.01483
"NJ",2045,625877.312748077,10435,59.9786595829494,1.08261120977167,5,0.016
"NJ",2050,694896.401378387,10727,64.7801250469271,1.08005289710313,5,0.01552
"NJ",2055,768329.181683449,11011,69.7783290966714,1.07715644337092,5,0.01498
"NJ",2060,844907.65228355,11296,74.7970655350168,1.07192399851525,5,0.01399
"NJ",2065,921867.180854075,11554,79.7877082269409,1.06672243966025,5,0.013
"NJ",2070,1000442.07726357,11812,84.697094248524,1.06153060578729,5,0.01201
"NJ",2075,1074093.81104534,12005,89.4705381961963,1.05635900487525,5,0.01103
"NJ",2080,1147341.66227121,12199,94.0521077359789,1.05120757773621,5,0.01004
"NJ",2085,1212221.95189928,12321,98.3866530232347,1.04608663635082,5,0.00905
"NJ",2090,1274388.17307046,12443,102.418080291767,1.04097534721077,5,0.00806
"NJ",2095,1326590.07705203,12504,106.093256322139,1.03588405504089,5,0.00708
"NJ",2100,1374136.99944113,12565,109.362276119469,1.03081270111461,5,0.00609
"NM",1990,24577.2435266369,1520,16.1692391622611,0.813653489880948,15,-0.01365
"NM",2005,53198.6876746441,1932,27.5355526266274,1.70295907867422,15,0.03613
"NM",2010,55216.2078430627,2065,26.739083701241,0.971074888665349,5,-0.00585
"NM",2015,57668.4563271048,2090,27.5925628359353,1.03191878765295,5,0.0063
"NM",2020,60965.5118955606,2102,29.0035736896102,1.05113736125436,5,0.01002
"NM",2025,67545.5505468149,2136,31.6224487578721,1.09029490973384,5,0.01744
"NM",2030,76015.1004006222,2196,34.6152551915402,1.09464183044721,5,0.01825
"NM",2035,84580.5090023128,2256,37.4913603733656,1.08308779368838,5,0.01609
"NM",2040,93850.8772907812,2316,40.5228312999919,1.08085785355444,5,0.01567
"NM",2045,103834.894359998,2365,43.9048179112042,1.08345879354222,5,0.01616
"NM",2050,114782.007991216,2415,47.5287817769009,1.08254137104101,5,0.01599
"NM",2055,126658.417104143,2464,51.4035783701878,1.0815252663423,5,0.0158
"NM",2060,138970.02174611,2513,55.3004463772822,1.07580927496974,5,0.01472
"NM",2065,151260.394162938,2556,59.1785579667208,1.07012803410266,5,0.01365
"NM",2070,163656.401220411,2598,62.9932260278717,1.06446030779081,5,0.01257
"NM",2075,175218.100030641,2627,66.6989341570767,1.05882708924235,5,0.0115
"NM",2080,186507.924406705,2655,70.2478058029021,1.05320732168625,5,0.01042
"NM",2085,196567.261427326,2671,73.5931341921849,1.04762182036929,5,0.00935
"NM",2090,205983.172648527,2686,76.6877038899951,1.04204970656269,5,0.00827
"NM",2095,213583.439399892,2687,79.4876960922562,1.03651161868502,5,0.0072
"NM",2100,220365.619988975,2689,81.9507697988007,1.03098685491759,5,0.00612
"NV",1990,31576.2029303184,1219,25.903365816504,0.643812275984352,15,-0.02893
"NV",2005,88656.0175927158,2432,36.453954602268,1.40730570924655,15,0.02304
"NV",2010,81758.7514114091,2702,30.2586052595889,0.830050006637862,5,-0.03657
"NV",2015,85739.8473587165,2869,29.8849241403682,0.987650418252434,5,-0.00248
"NV",2020,98689.3510501143,3152,31.3100733027012,1.04768789626633,5,0.00936
"NV",2025,114166.730903274,3401,33.5685771547411,1.07213345782378,5,0.01403
"NV",2030,130551.374400056,3570,36.5690124369905,1.08938225973708,5,0.01727
"NV",2035,146191.10163267,3691,39.607450997743,1.08308779368838,5,0.01609
"NV",2040,163191.813280338,3812,42.8100244701832,1.08085785355444,5,0.01567
"NV",2045,181728.192263864,3918,46.3828974639776,1.08345879354222,5,0.01616
"NV",2050,202050.69538396,4024,50.211405413509,1.08254137104101,5,0.01599
"NV",2055,224116.337211951,4127,54.3049036132665,1.0815252663423,5,0.0158
"NV",2060,247123.871300163,4230,58.4217189834901,1.07580927496974,5,0.01472
"NV",2065,270268.42346776,4323,62.5187192847005,1.07012803410266,5,0.01365
"NV",2070,293812.489186496,4415,66.5486951724793,1.06446030779081,5,0.01257
"NV",2075,315958.608431349,4484,70.4635612023526,1.05882708924235,5,0.0115
"NV",2080,337890.598711052,4553,74.2127385704047,1.05320732168625,5,0.01042
"NV",2085,357324.680131199,4596,77.7468842757177,1.04762182036929,5,0.00935
"NV",2090,375833.771149988,4639,81.0161179456753,1.04204970656269,5,0.00827
"NV",2095,391067.605147094,4657,83.9741475514482,1.03651161868502,5,0.0072
"NV",2100,404743.93265177,4675,86.5762422784535,1.03098685491759,5,0.00612
"NY",1990,510056.976926627,18003,28.3317767553534,1.05874075679671,15,0.00381
"NY",2005,743195.662392837,19133,38.8436555894443,1.37102787180845,15,0.02126
"NY",2010,805667.073307735,19400,41.5292305828729,1.06913806006864,5,0.01346
"NY",2015,868883.551438021,19661,44.1932532138763,1.06414813358237,5,0.01251
"NY",2020,951235.561155366,19493,48.7988283566083,1.1042144401645,5,0.02002
"NY",2025,1059122.13182514,19655,53.8856337738561,1.10424031864197,5,0.02003
"NY",2030,1182508.45122483,20234,58.4416551954546,1.08454983457593,5,0.01637
"NY",2035,1315227.85094101,20906,62.9115015278391,1.07648391061881,5,0.01485
"NY",2040,1461255.39565964,21579,67.7165482950851,1.07637787448325,5,0.01483
"NY",2045,1625151.47060626,22168,73.3106942713036,1.08261120977167,5,0.016
"NY",2050,1801886.23699643,22757,79.1794277363636,1.08005289710313,5,0.01552
"NY",2055,1989869.04446329,23331,85.2886307686462,1.07715644337092,5,0.01498
"NY",2060,2185556.56748261,23906,91.4229301214178,1.07192399851525,5,0.01399
"NY",2065,2381899.09124962,24424,97.5228910600075,1.06672243966025,5,0.013
"NY",2070,2582187.49920981,24943,103.523533625058,1.06153060578729,5,0.01201
"NY",2075,2769491.77954582,25325,109.358016961336,1.05635900487525,5,0.01103
"NY",2080,2955224.69201302,25707,114.957976115961,1.05120757773621,5,0.01004
"NY",2085,3119200.1943194,25938,120.256002556843,1.04608663635082,5,0.00905
"NY",2090,3275927.90165918,26169,125.183534015789,1.04097534721077,5,0.00806
"NY",2095,3406967.74398374,26273,129.675626840625,1.03588405504089,5,0.00708
"NY",2100,3525847.43623614,26377,133.671283172314,1.03081270111461,5,0.00609
"OH",1990,226777.582987233,10862,20.8780687706898,1.06234423260058,15,0.00404
"OH",2005,345082.259822837,11463,30.1040094061622,1.44189626621139,15,0.0247
"OH",2010,330707.666612808,11539,28.6599936400735,0.952032443698576,5,-0.00978
"OH",2015,366363.004172448,11618,31.534085399591,1.10028235859407,5,0.0193
"OH",2020,395925.807555512,11754,33.6843463974402,1.06818846878232,5,0.01328
"OH",2025,435946.471008406,12003,36.3197926358749,1.07823949461091,5,0.01518
"OH",2030,483558.946839072,12385,39.0439198093719,1.07500392969772,5,0.01457
"OH",2035,530084.584754894,12768,41.5166498084973,1.06333201203153,5,0.01236
"OH",2040,582308.672029701,13152,44.2752944061512,1.06644670536709,5,0.01295
"OH",2045,639511.371999292,13482,47.4344586856025,1.07135275601945,5,0.01388
"OH",2050,700076.520554231,13811,50.6897777535466,1.06862772672332,5,0.01336
"OH",2055,763459.535926148,14133,54.0196374390539,1.06569095058371,5,0.01281
"OH",2060,829047.777499924,14455,57.3537030439242,1.06171951095806,5,0.01205
"OH",2065,894457.263210095,14744,60.6658480202181,1.05774945296483,5,0.01129
"OH",2070,961065.809784,15033,63.930407090002,1.05381213938847,5,0.01054
"OH",2075,1022816.47415297,15239,67.1183459644971,1.04986576841294,5,0.00978
"OH",2080,1084186.92623948,15444,70.2011736751801,1.04593122292247,5,0.00902
"OH",2085,1138239.98051778,15560,73.1516696990859,1.04202915520412,5,0.00827
"OH",2090,1190360.67726586,15675,75.9400751046798,1.03811813752255,5,0.00751
"OH",2095,1234247.27358474,15715,78.5394383445586,1.03422913707019,5,0.00675
"OH",2100,1275026.76162707,15756,80.9232521977068,1.03035180672785,5,0.006
"OK",1990,57418.5145746808,3147,18.2454765092726,0.931738230099065,15,-0.0047
"OK",2005,90799.8310966221,3549,25.5846241466954,1.40224477742157,15,0.02279
"OK",2010,101051.803666812,3760,26.8754796986203,1.05045434885123,5,0.00989
"OK",2015,123478.707633965,3910,31.5802321314489,1.17505743099611,5,0.03279
"OK",2020,127176.914040088,3967,32.058712891376,1.01515127431412,5,0.00301
"OK",2025,140576.124629566,4048,34.7273035152089,1.083240728749,5,0.01612
"OK",2030,156943.213656308,4163,37.6995468787672,1.08558808380433,5,0.01656
"OK",2035,173005.396017982,4271,40.5069997700732,1.0744691415081,5,0.01447
"OK",2040,190774.328880951,4380,43.5557828495323,1.07526558611511,5,0.01462
"OK",2045,210242.08322585,4469,47.0445476003245,1.08009877271279,5,0.01553
"OK",2050,231414.465989793,4557,50.7821957405734,1.07944912494436,5,0.01541
"OK",2055,252515.445245259,4644,54.3745575463521,1.07074057656212,5,0.01376
"OK",2060,274280.125360605,4731,57.9750846249428,1.06621712876507,5,0.01291
"OK",2065,295945.228534255,4808,61.5526681643626,1.06170898348082,5,0.01205
"OK",2070,317823.720735241,4884,65.0744718950125,1.05721610184705,5,0.01119
"OK",2075,338007.222254305,4934,68.5057199542571,1.05272802005647,5,0.01033
"OK",2080,357911.944294081,4984,71.8121878599681,1.04826557414357,5,0.00947
"OK",2085,375244.123757681,5006,74.9588741026132,1.04381827564955,5,0.00861
"OK",2090,391659.65650371,5027,77.9112107626239,1.03938608597521,5,0.00776
"OK",2095,405270.928603316,5026,80.6348843221878,1.03495868608514,5,0.0069
"OK",2100,417571.544315927,5025,83.0988147892392,1.03055663175762,5,0.00604
"OR",1990,55533.7513844024,2859,19.42418726282,0.927845968345465,15,-0.00498
"OR",2005,100566.93880092,3613,27.8347464159756,1.43299413454762,15,0.02427
"OR",2010,107264.293421028,3838,27.9479659773391,1.0040675621639,5,0.00081
"OR",2015,121593.827199802,4017,30.2698101069958,1.08307739216297,5,0.01609
"OR",2020,144512.597910524,4277,33.7883090742399,1.11623789362428,5,0.02224
"OR",2025,166155.357996236,4475,37.1296889377063,1.09889159756781,5,0.01904
"OR",2030,185950.904360091,4647,40.0152580934131,1.07771595287394,5,0.01508
"OR",2035,204537.071911429,4787,42.727610593572,1.06778295653691,5,0.0132
"OR",2040,225016.442825795,4928,45.6608041448447,1.0686486679345,5,0.01337
"OR",2045,247752.085547094,5049,49.0695356599513,1.0746533395315,5,0.0145
"OR",2050,272016.975024748,5169,52.6246807941087,1.07245116723326,5,0.01409
"OR",2055,297429.917397918,5287,56.2568408167048,1.06902008654089,5,0.01344
"OR",2060,323672.625987455,5404,59.8950085098917,1.0646706718751,5,0.01261
"OR",2065,349936.942936006,5510,63.5094270301282,1.06034590544619,5,0.01179
"OR",2070,376591.617368599,5615,67.0688543844343,1.05604565370457,5,0.01097
"OR",2075,401299.766964295,5689,70.5395969351899,1.05174894640158,5,0.01014
"OR",2080,425889.546243835,5764,73.8878463296036,1.04746623938736,5,0.00932
"OR",2085,447447.173515572,5805,77.0796164540176,1.04319749841098,5,0.00849
"OR",2090,468240.026725317,5847,80.0820979519954,1.03895298959834,5,0.00767
"OR",2095,485653.657421017,5861,82.8619104966758,1.03471203447176,5,0.00685
"OR",2100,501563.837637928,5874,85.3871020834061,1.03047469665609,5,0.00602
"PA",1990,247325.952609855,11896,20.7906819611512,1.08317471740665,15,0.00534
"PA",2005,373203.152764841,12450,29.9761568485816,1.44180729158351,15,0.02469
"PA",2010,395042.380206056,12711,31.0787805999572,1.03678335941946,5,0.00725
"PA",2015,430205.237221282,12786,33.6465851103772,1.08262243437001,5,0.016
"PA",2020,471534.765742884,12859,36.6696295001854,1.08984698981758,5,0.01736
"PA",2025,524771.659444522,13096,40.0711407639373,1.09276099350103,5,0.0179
"PA",2030,584686.792852265,13494,43.3293903106762,1.08131162439157,5,0.01576
"PA",2035,648296.498824955,13899,46.6433915263655,1.07648391061881,5,0.01485
"PA",2040,718145.402865221,14304,50.2059146298393,1.07637787448325,5,0.01483
"PA",2045,796224.21604929,14649,54.3534859751034,1.08261120977167,5,0.016
"PA",2050,880158.667446009,14993,58.704639995065,1.08005289710313,5,0.01552
"PA",2055,969378.465201547,15330,63.2340812264545,1.07715644337092,5,0.01498
"PA",2060,1061942.61803068,15667,67.782129190699,1.07192399851525,5,0.01399
"PA",2065,1154561.7404678,15968,72.3047182156688,1.06672243966025,5,0.013
"PA",2070,1248705.47884756,16269,76.7536713287581,1.06153060578729,5,0.01201
"PA",2075,1336189.03714128,16480,81.079431865369,1.05635900487525,5,0.01103
"PA",2080,1422595.84821099,16691,85.231313175423,1.05120757773621,5,0.01004
"PA",2085,1498322.67024077,16805,89.1593377114412,1.04608663635082,5,0.00905
"PA",2090,1570297.60655621,16919,92.8126725312496,1.04097534721077,5,0.00806
"PA",2095,1629915.1199982,16953,96.1431675808531,1.03588405504089,5,0.00708
"PA",2100,1683506.79777399,16987,99.1055982677335,1.03081270111461,5,0.00609
"RI",1990,22200.3191944829,1005,22.0898698452566,1.01951767699978,15,0.00129
"RI",2005,33201.8197958447,1068,31.0878462507909,1.407334967049,15,0.02304
"RI",2010,32663.6451802992,1054,30.9901756928835,0.996858239804731,5,-0.00063
"RI",2015,33637.8173912217,1056,31.8539937416872,1.02787393196361,5,0.00551
"RI",2020,34719.6573378259,1061,32.7235224673194,1.02729732204644,5,0.0054
"RI",2025,37362.0096698437,1081,34.56245112844,1.05619592643051,5,0.01099
"RI",2030,41925.4940700564,1117,37.5340143868007,1.08597663537571,5,0.01663
"RI",2035,47086.8848550471,1156,40.732599355577,1.08521830187983,5,0.01649
"RI",2040,53384.9588670098,1195,44.6736057464517,1.09675312779505,5,0.01864
"RI",2045,60341.4831033072,1229,49.0980334445136,1.09903896549504,5,0.01907
"RI",2050,67790.3551541555,1263,53.6740737562593,1.09320210995655,5,0.01798
"RI",2055,75741.3215442149,1296,58.4423777347337,1.08883812322739,5,0.01717
"RI",2060,84064.0152980707,1329,63.2535856268402,1.08232395871955,5,0.01595
"RI",2065,92480.1281591573,1359,68.0501310957744,1.075830412164,5,0.01473
"RI",2070,101079.412142995,1389,72.7713550345537,1.0693786163635,5,0.01351
"RI",2075,109222.266923301,1412,77.3528802572956,1.06295781108606,5,0.01229
"RI",2080,117198.768028456,1434,81.7285690575007,1.05656788455259,5,0.01107
"RI",2085,124283.586835442,1448,85.831206378068,1.05019832560241,5,0.00984
"RI",2090,130990.244485182,1462,89.5966104549811,1.04386987246022,5,0.00862
"RI",2095,136469.582842361,1468,92.9629310915267,1.03757196415636,5,0.0074
"RI",2100,141411.399036381,1475,95.8721349399194,1.03129423539291,5,0.00618
"SC",1990,64489.3723016972,3499,18.4308008864525,0.929920434678624,15,-0.00483
"SC",2005,105714.502841827,4270,24.7574948107323,1.34326744471155,15,0.01987
"SC",2010,107994.76391925,4636,23.2948153406493,0.940919730317425,5,-0.01211
"SC",2015,120052.921578877,4892,24.5406626285522,1.05348174130957,5,0.01047
"SC",2020,132979.672202271,5204,25.5533574562396,1.04126599362925,5,0.00812
"SC",2025,144592.914244204,5468,26.4434737096203,1.03483363213249,5,0.00687
"SC",2030,157558.380632083,5672,27.7782758519186,1.05047756421701,5,0.0099
"SC",2035,170998.958783964,5823,29.3661272168923,1.05716162419289,5,0.01118
"SC",2040,185415.831087064,5973,31.0423289949882,1.05707942915713,5,0.01116
"SC",2045,200479.860201222,6097,32.881722191442,1.05925435545608,5,0.01158
"SC",2050,216045.47824739,6222,34.7228348195742,1.05599197686219,5,0.01096
"SC",2055,231282.413702767,6343,36.4626223715539,1.05010499750438,5,0.00983
"SC",2060,246965.117350398,6464,38.2062372138611,1.04781923868612,5,0.00939
"SC",2065,262528.057385494,6572,39.9464481718645,1.04554782373,5,0.00895
"SC",2070,278346.865578587,6679,41.6749312140421,1.04327000575223,5,0.00851
"SC",2075,292838.242538473,6750,43.383443339033,1.04099615944694,5,0.00807
"SC",2080,307333.224790626,6820,45.0635226965727,1.03872627961801,5,0.00763
"SC",2085,320033.314896665,6852,46.706555005351,1.03646036107389,5,0.00719
"SC",2090,332526.967178274,6884,48.3043241107313,1.0342086695368,5,0.00675
"SC",2095,343201.26429535,6885,49.8476781837836,1.03195064006101,5,0.00631
"SC",2100,353444.48796108,6886,51.3279825676851,1.02969655634599,5,0.00587
"SD",1990,12578.7828539199,697,18.0470342237014,1.05400026602828,15,0.00351
"SD",2005,22788.0140570646,775,29.4038891058899,1.62929203443706,15,0.03308
"SD",2010,25468.098256886,816,31.2109047265759,1.06145498692974,5,0.012
"SD",2015,28727.6086642462,854,33.6388860237075,1.07779272399829,5,0.0151
"SD",2020,29940.4916460525,899,33.3042176263097,0.99005114505986,5,-0.002
"SD",2025,32380.4655770817,936,34.5945145054292,1.03874274704775,5,0.00763
"SD",2030,35461.85955576,965,36.7480409904249,1.06225051907168,5,0.01215
"SD",2035,38738.1999559334,984,39.3680893861112,1.07129763451524,5,0.01387
"SD",2040,42438.6319573462,1004,42.2695537423767,1.07370091872655,5,0.01432
"SD",2045,46453.0488083565,1018,45.6316785936704,1.07954010756265,5,0.01542
"SD",2050,50694.2945179574,1033,49.0748252835986,1.07545518368035,5,0.01466
"SD",2055,54229.9239252781,1047,51.7955338350316,1.05544000484383,5,0.01085
"SD",2060,57844.1490648597,1061,54.5185193825256,1.0525718212726,5,0.0103
"SD",2065,61349.0894864851,1072,57.2286282523182,1.04970987657932,5,0.00975
"SD",2070,64884.4888420739,1083,59.9118087184431,1.04688528360832,5,0.00921
"SD",2075,68118.3747700946,1089,62.5513083288288,1.04405641670393,5,0.00866
"SD",2080,71316.5137754788,1095,65.1292363246381,1.0412130147983,5,0.00811
"SD",2085,74188.6000969865,1097,67.628623607098,1.03837581128699,5,0.00756
"SD",2090,76895.6512244561,1098,70.032469239031,1.03554479603043,5,0.00701
"SD",2095,79050.0541283505,1093,72.323928754209,1.03271995890016,5,0.00646
"SD",2100,81115.806673846,1089,74.4865075058274,1.02990128977876,5,0.00591
"TN",1990,94427.3205788853,4891,19.3063423796535,0.919578866113976,15,-0.00557
"TN",2005,167958.712680822,5991,28.0351715374432,1.452122364047,15,0.02518
"TN",2010,169275.590425229,6355,26.6365995948432,0.950113665588525,5,-0.01018
"TN",2015,190760.688815177,6591,28.9426018533116,1.08657269672345,5,0.01674
"TN",2020,217063.201085015,6889,31.5086661467579,1.08866045652881,5,0.01713
"TN",2025,249096.702594241,7167,34.7560628706908,1.10306360506686,5,0.01981
"TN",2030,283383.690128288,7415,38.2176251015898,1.09959592499811,5,0.01917
"TN",2035,311759.662695534,7614,40.9455821769811,1.07137955506497,5,0.01388
"TN",2040,345520.847305516,7813,44.2238381294658,1.08006372795763,5,0.01552
"TN",2045,381727.618513767,7977,47.8535312164682,1.08207548780313,5,0.0159
"TN",2050,421526.765007693,8142,51.7718944986113,1.08188242711741,5,0.01587
"TN",2055,456817.841151041,8304,55.0117824122159,1.06258005323123,5,0.01221
"TN",2060,493122.715059376,8465,58.2543077447579,1.05894237907518,5,0.01152
"TN",2065,529134.556572108,8607,61.4772344106086,1.05532512170554,5,0.01083
"TN",2070,565734.913644758,8750,64.6554187022581,1.05169693012575,5,0.01013
"TN",2075,599384.177504023,8845,67.7653111932191,1.04809948730333,5,0.00944
"TN",2080,632781.893727163,8940,70.7809724527028,1.04450154815766,5,0.00875
"TN",2085,661912.992297633,8984,73.6768691337526,1.0409134910231,5,0.00805
"TN",2090,689995.376955553,9028,76.4283758258255,1.03734559739608,5,0.00736
"TN",2095,713538.5404677,9031,79.0099147899126,1.03377723177018,5,0.00667
"TN",2100,735419.015774333,9035,81.3966813253274,1.030208443355,5,0.00597
"TX",1990,374292.400092294,17045,21.9590730473625,0.827303030842437,15,-0.01256
"TX",2005,718917.513904994,22778,31.5619243965666,1.43730677194307,15,0.02448
"TX",2010,826127.862936491,25243,32.7270079997025,1.03691421310364,5,0.00728
"TX",2015,1009049.47999316,27487,36.7100622109782,1.12170541869614,5,0.02324
"TX",2020,1130841.61297235,29432,38.4221803809579,1.04663893403776,5,0.00916
"TX",2025,1302567.33777275,31070,41.9236349460171,1.09113107403958,5,0.0176
"TX",2030,1477614.37093769,32399,45.6067894360224,1.08785389183805,5,0.01698
"TX",2035,1639398.30543567,33455,49.0030878922634,1.0744691415081,5,0.01447
"TX",2040,1818430.62849967,34511,52.6913340239248,1.07526558611511,5,0.01462
"TX",2045,2016102.11662946,35425,56.9118452118408,1.08009877271279,5,0.01553
"TX",2050,2232368.3976954,36338,61.4334415128901,1.07944912494435,5,0.01541
"TX",2055,2448896.7624673,37229,65.7792785857074,1.07074057656212,5,0.01376
"TX",2060,2673545.95396936,38120,70.1349935458909,1.06621712876507,5,0.01291
"TX",2065,2898172.58219401,38921,74.4629527040417,1.06170898348082,5,0.01205
"TX",2070,3127052.18933157,39722,78.7234325897884,1.05721610184705,5,0.01119
"TX",2075,3339836.84188857,40300,82.8743633222971,1.05272802005647,5,0.01033
"TX",2080,3551336.22865503,40879,86.8743420498307,1.04826557414357,5,0.00947
"TX",2085,3737509.16418036,41216,90.6810259166431,1.04381827564955,5,0.00861
"TX",2090,3916478.14650802,41553,94.2525965997166,1.03938608597521,5,0.00776
"TX",2095,4066366.89988153,41686,97.5475435369556,1.03495868608514,5,0.0069
"TX",2100,4203991.63546378,41819,100.528267903675,1.03055663175762,5,0.00604
"UT",1990,31410.1520407117,1730,18.1561572489663,0.80222151239851,15,-0.01458
"UT",2005,69268.403995666,2458,28.1807990218332,1.55213455333108,15,0.02974
"UT",2010,78270.136008516,2775,28.2054544174832,1.00087490051758,5,0.00017
"UT",2015,89705.0773091033,2982,30.0821855496658,1.06653787967406,5,0.01297
"UT",2020,108054.881681598,3271,33.0342041215525,1.09813178523924,5,0.0189
"UT",2025,128740.498128162,3504,36.7410097397723,1.11221113741927,5,0.0215
"UT",2030,148278.816859236,3666,40.4470313309426,1.10086880076022,5,0.01941
"UT",2035,165680.668170149,3782,43.8076859254756,1.08308779368838,5,0.01609
"UT",2040,184569.837613769,3898,47.3498813785965,1.08085785355444,5,0.01567
"UT",2045,205103.97812058,3998,51.3016453528215,1.08345879354222,5,0.01616
"UT",2050,227642.693183806,4099,55.5361534969031,1.08254137104101,5,0.01599
"UT",2055,252087.572190326,4197,60.063753202365,1.0815252663423,5,0.0158
"UT",2060,277530.628259848,4295,64.617142784598,1.07580927496974,5,0.01472
"UT",2065,303078.383829001,4383,69.148615977413,1.07012803410266,5,0.01365
"UT",2070,329165.839912508,4472,73.6059570466252,1.06446030779081,5,0.01257
"UT",2075,353517.61095261,4536,77.9359812505755,1.05882708924235,5,0.0115
"UT",2080,377662.714695253,4601,82.0827460759082,1.05320732168625,5,0.01042
"UT",2085,398915.384337519,4639,85.9916758649533,1.04762182036929,5,0.00935
"UT",2090,419184.355615729,4678,89.6076006019088,1.04204970656269,5,0.00827
"UT",2095,435882.644753891,4693,92.8793191463651,1.03651161868502,5,0.0072
"UT",2100,450921.394742115,4709,95.7573571335983,1.03098685491759,5,0.00612
"VA",1990,148095.139286264,6214,23.8324974712365,0.898368351078917,15,-0.00712
"VA",2005,263430.762550611,7577,34.7671588426305,1.45881307171399,15,0.02549
"VA",2010,277507.70965841,8024,34.5847095785656,0.994752252696555,5,-0.00105
"VA",2015,288188.698785333,8363,34.4599663739487,0.996393111113639,5,-0.00072
"VA",2020,318702.805412428,8626,36.9467662198503,1.07216489473366,5,0.01403
"VA",2025,358520.654932733,8910,40.2380084099588,1.08908065649167,5,0.01721
"VA",2030,395200.340058871,9214,42.8912893486945,1.06593966857661,5,0.01285
"VA",2035,430078.593183459,9485,45.3430251115929,1.05716162419289,5,0.01118
"VA",2040,467664.514490604,9757,47.93117910122,1.05707942915713,5,0.01116
"VA",2045,507002.303907978,9986,50.771310225113,1.05925435545608,5,0.01158
"VA",2050,547721.607315546,10216,53.6140962525006,1.05599197686219,5,0.01096
"VA",2055,587832.793925759,10441,56.3004304114318,1.05010499750438,5,0.00983
"VA",2060,629215.862285589,10666,58.9926741314072,1.04781923868612,5,0.00939
"VA",2065,670272.887541967,10867,61.6796620541058,1.04554782373,5,0.00895
"VA",2070,712209.656060052,11068,64.3485413859823,1.04327000575223,5,0.00851
"VA",2075,750718.651917923,11207,66.9865844488197,1.04099615944694,5,0.00807
"VA",2080,789532.493937393,11347,69.5807256488405,1.03872627961801,5,0.00763
"VA",2085,823655.84088412,11421,72.1176640297802,1.03646036107389,5,0.00719
"VA",2090,857276.69543272,11494,74.5847133663407,1.0342086695368,5,0.00675
"VA",2095,886206.589415126,11514,76.9677426971622,1.03195064006101,5,0.00631
"VA",2100,914108.94172398,11534,79.2534196049922,1.02969655634599,5,0.00587
"VT",1990,11395.0283161565,565,20.1681917100115,0.98161424162779,15,-0.00124
"VT",2005,17077.524445416,621,27.500039364599,1.36353520236264,15,0.02089
"VT",2010,17840.3615773566,626,28.4989801555218,1.03632506767276,5,0.00716
"VT",2015,18280.8016518714,625,29.2492826429943,1.02632734516737,5,0.00521
"VT",2020,19563.2688740909,628,31.1517020288071,1.06504157414843,5,0.01268
"VT",2025,21292.0209591323,637,33.4254646140224,1.07298999531752,5,0.01419
"VT",2030,23664.4125249009,649,36.4628852463805,1.09087145586254,5,0.01755
"VT",2035,26037.1852889353,658,39.5701904087162,1.08521830187983,5,0.01649
"VT",2040,28946.9529755029,667,43.3987300982052,1.09675312779505,5,0.01864
"VT",2045,32100.0106250158,673,47.6968954309299,1.09903896549504,5,0.01907
"VT",2050,35352.5110785122,678,52.1423467234693,1.09320210995655,5,0.01798
"VT",2055,38833.8092637849,684,56.774574947054,1.08883812322739,5,0.01717
"VT",2060,42399.4530708075,690,61.4484827113152,1.08232395871955,5,0.01595
"VT",2065,45879.0536586236,694,66.1081464821666,1.075830412164,5,0.01473
"VT",2070,49415.5521126028,699,70.6946382154547,1.0693786163635,5,0.01351
"VT",2075,52601.7925251144,700,75.1454178930205,1.06295781108606,5,0.01229
"VT",2080,55577.3646519344,700,79.3962352170491,1.05656788455259,5,0.01107
"VT",2085,58200.4917122878,698,83.3817932840799,1.05019832560241,5,0.00984
"VT",2090,60492.6206350653,695,87.0397419209573,1.04386987246022,5,0.00862
"VT",2095,62313.8972293671,690,90.30999598459,1.03757196415636,5,0.0074
"VT",2100,63798.2821062259,685,93.1361782572641,1.03129423539291,5,0.00618
"WA",1990,121496.183382044,4901,24.790080265669,0.871095448470328,15,-0.00916
"WA",2005,217911.217385519,6257,34.8267887782514,1.40486793124595,15,0.02292
"WA",2010,241958.356958199,6743,35.8828944028177,1.03032451918811,5,0.00599
"WA",2015,281372.031868382,7164,39.275828010662,1.09455573928222,5,0.01823
"WA",2020,356477.105269592,7748,46.0089191106856,1.17143091415401,5,0.03215
"WA",2025,438206.413924519,8213,53.3552190337902,1.15967121299745,5,0.03007
"WA",2030,500306.537106884,8567,58.399268951428,1.09453714198874,5,0.01823
"WA",2035,551180.099751199,8839,62.3577440605497,1.06778295653691,5,0.0132
"WA",2040,607076.91834519,9110,66.6385201257069,1.0686486679345,5,0.01337
"WA",2045,669297.978386061,9346,71.6133081945283,1.0746533395315,5,0.0145
"WA",2050,735914.617274177,9582,76.8017759626568,1.07245116723326,5,0.01409
"WA",2055,805673.217959134,9813,82.1026411860934,1.06902008654089,5,0.01344
"WA",2060,877881.46933182,10043,87.4122741543185,1.0646706718751,5,0.01261
"WA",2065,950136.968846013,10251,92.687246985271,1.06034590544619,5,0.01179
"WA",2070,1023649.58299072,10458,97.8819643326374,1.05604565370457,5,0.01097
"WA",2075,1092167.40557655,10609,102.947252858569,1.05174894640158,5,0.01014
"WA",2080,1160183.55087178,10759,107.833771807025,1.04746623938736,5,0.00932
"WA",2085,1220312.35893542,10848,112.491920993309,1.04319749841098,5,0.00849
"WA",2090,1278248.94332809,10937,116.873817621659,1.03895298959834,5,0.00767
"WA",2095,1326973.07155426,10973,120.930745607788,1.03471203447176,5,0.00685
"WA",2100,1372022.96809635,11010,124.61607339658,1.03047469665609,5,0.00602
"WI",1990,98978.3132594985,4902,20.1914143736227,1.0310054582463,15,0.00204
"WI",2005,166377.824747657,5546,29.9996077799598,1.48576059234118,15,0.02675
"WI",2010,168078.659617541,5690,29.5393074899018,0.984656456396557,5,-0.00309
"WI",2015,181044.352301025,5761,31.4258552857186,1.06386567445637,5,0.01246
"WI",2020,199769.805922689,5862,34.0787795842186,1.08441852335856,5,0.01634
"WI",2025,224006.455118744,6001,37.3281878218204,1.09534990035578,5,0.01838
"WI",2030,248834.578515531,6173,40.3101536555209,1.07988509509046,5,0.01549
"WI",2035,271280.413015462,6329,42.8630767918253,1.06333201203153,5,0.01236
"WI",2040,296482.75905413,6486,45.7111870265387,1.06644670536709,5,0.01295
"WI",2045,323955.113024924,6615,48.9728062018026,1.07135275601945,5,0.01388
"WI",2050,352938.463106808,6744,52.3336985626939,1.06862772672332,5,0.01336
"WI",2055,383150.54141592,6870,55.7715489688385,1.06569095058371,5,0.01281
"WI",2060,414259.336909196,6996,59.2137416965689,1.06171951095806,5,0.01205
"WI",2065,445134.883621792,7107,62.6333028875464,1.05774945296483,5,0.01129
"WI",2070,476414.958601251,7218,66.0037349128915,1.05381213938847,5,0.01054
"WI",2075,505299.591173883,7292,69.2950618724469,1.04986576841294,5,0.00978
"WI",2080,533799.503761617,7365,72.4778688067369,1.04593122292247,5,0.00902
"WI",2085,558726.93968242,7398,75.5240524036794,1.04202915520412,5,0.00827
"WI",2090,582611.86533123,7431,78.4028886194631,1.03811813752255,5,0.00751
"WI",2095,602635.253280214,7432,81.0865518407177,1.03422913707019,5,0.00675
"WI",2100,620926.322015167,7432,83.5476751904153,1.03035180672785,5,0.006
"WV",1990,26832.6254550582,1792,14.9735633119744,1.12144821745518,15,0.00767
"WV",2005,41600.0092858365,1820,22.8571479592508,1.52650023798756,15,0.0286
"WV",2010,43437.2917292375,1854,23.4289599402576,1.02501676858487,5,0.00495
"WV",2015,44106.2021594084,1842,23.9447351571164,1.02201443078028,5,0.00436
"WV",2020,47372.0243707125,1789,26.479611163059,1.10586360589539,5,0.02033
"WV",2025,52506.8026905559,1776,29.5646411545923,1.11650586455126,5,0.02229
"WV",2030,57227.3514297932,1803,31.74007289506,1.07358221360078,5,0.0143
"WV",2035,61605.8545572308,1836,33.5543870137423,1.05716162419289,5,0.01118
"WV",2040,66328.2497452816,1870,35.4696522702041,1.05707942915713,5,0.01116
"WV",2045,71160.2006401579,1894,37.5713836537265,1.05925435545608,5,0.01158
"WV",2050,76136.4779403592,1919,39.6750796979464,1.05599197686219,5,0.01096
"WV",2055,80909.5449652987,1942,41.6629994671981,1.05010499750438,5,0.00983
"WV",2060,85826.3048251739,1966,43.6552923830996,1.04781923868612,5,0.00939
"WV",2065,90648.380147657,1986,45.6436959454466,1.04554782373,5,0.00895
"WV",2070,95523.1100567072,2006,47.6186989315589,1.04327000575223,5,0.00851
"WV",2075,99934.8995345153,2016,49.5708827056127,1.04099615944694,5,0.00807
"WV",2080,104268.421604619,2025,51.4905785701821,1.03872627961801,5,0.00763
"WV",2085,108016.717961271,2024,53.3679436567542,1.03646036107389,5,0.00719
"WV",2090,111656.632580452,2023,55.1935900051665,1.0342086695368,5,0.00675
"WV",2095,114654.562853123,2013,56.9570605330965,1.03195064006101,5,0.00631
"WV",2100,117531.572137401,2004,58.6484890905196,1.02969655634599,5,0.00587
"WY",1990,11703.1639875917,453,25.8347990896063,0.939536438231578,15,-0.00415
"WY",2005,21019.9073602372,514,40.8947614012397,1.58293320801137,15,0.03109
"WY",2010,25259.3017374114,564,44.785995988318,1.09515239736697,5,0.01834
"WY",2015,25110.7960062349,586,42.8511877239504,0.956798811287521,5,-0.00879
"WY",2020,24619.5246083699,577,42.6681535673656,0.995728609490036,5,-0.00086
"WY",2025,26156.3188694246,582,44.942128641623,1.05329443353266,5,0.01044
"WY",2030,29033.5313314379,596,48.7139787440232,1.08392682359302,5,0.01625
"WY",2035,32184.5246133846,610,52.7615157596469,1.08308779368838,5,0.01609
"WY",2040,35642.3116714067,625,57.0276986742507,1.08085785355444,5,0.01567
"WY",2045,39296.6347802031,636,61.787161604093,1.08345879354222,5,0.01616
"WY",2050,43342.8787958865,648,66.8871586356273,1.08254137104101,5,0.01599
"WY",2055,47672.1602064042,659,72.3401520582765,1.0815252663423,5,0.0158
"WY",2060,52142.2183798004,670,77.8242065370155,1.07580927496974,5,0.01472
"WY",2065,56631.6682999981,680,83.2818651470561,1.07012803410266,5,0.01365
"WY",2070,61168.6654674011,690,88.6502398078277,1.06446030779081,5,0.01257
"WY",2075,65424.0969373218,697,93.8652753763583,1.05882708924235,5,0.0115
"WY",2080,69597.1550760474,704,98.8595952784764,1.05320732168625,5,0.01042
"WY",2085,73222.2007007925,707,103.567469166609,1.04762182036929,5,0.00935
"WY",2090,76732.8625575535,711,107.922450854506,1.04204970656269,5,0.00827
"WY",2095,79534.5035758648,711,111.862874227658,1.03651161868502,5,0.0072
"WY",2100,81883.6985462309,710,115.329152882015,1.03098685491759,5,0.00612
