ISO,sce,population
MAR,SSP1,23.0418176
MAR,SSP2,30.87893988
MAR,SSP3,56.8099094
MAR,SSP4,24.5439368
MAR,SSP5,18.72675064
ABW,SSP1,0.114062762
ABW,SSP2,0.150848057
ABW,SSP3,0.171803946
ABW,SSP4,0.118181194
ABW,SSP5,0.134903557
AFG,SSP1,65.37720101
AFG,SSP2,113.0859892
AFG,SSP3,181.9257549
AFG,SSP4,171.5150584
AFG,SSP5,57.59411474
AGO,SSP1,41.53588164
AGO,SSP2,56.89196019
AGO,SSP3,79.30504813
AGO,SSP4,79.22185426
AGO,SSP5,42.10502428
ALB,SSP1,1.809776317
ALB,SSP2,2.318759916
ALB,SSP3,3.532972605
ALB,SSP4,1.742862121
ALB,SSP5,1.70099268
ARE,SSP1,12.24214445
ARE,SSP2,16.32694947
ARE,SSP3,16.53084772
ARE,SSP4,13.22887599
ARE,SSP5,15.22702544
ARG,SSP1,33.70916113
ARG,SSP2,46.57496885
ARG,SSP3,73.85400031
ARG,SSP4,34.70821293
ARG,SSP5,32.41376032
ARM,SSP1,1.348128903
ARM,SSP2,1.767782002
ARM,SSP3,2.983987983
ARM,SSP4,1.263082873
ARM,SSP5,1.044854659
AUS,SSP1,41.44114041
AUS,SSP2,42.57716273
AUS,SSP3,22.9211534
AUS,SSP4,34.58979432
AUS,SSP5,66.44895078
AUT,SSP1,8.209988799
AUT,SSP2,8.148180681
AUT,SSP3,4.480784053
AUT,SSP4,6.387014103
AUT,SSP5,12.35410322
AZE,SSP1,7.059986464
AZE,SSP2,9.292231409
AZE,SSP3,12.4709803
AZE,SSP4,6.456910847
AZE,SSP5,7.332139905
BDI,SSP1,15.08812128
BDI,SSP2,18.91795643
BDI,SSP3,21.46114991
BDI,SSP4,23.98202113
BDI,SSP5,16.73818004
BEL,SSP1,13.25087651
BEL,SSP2,12.92424476
BEL,SSP3,7.134927161
BEL,SSP4,9.368171962
BEL,SSP5,19.83087369
BEN,SSP1,18.37620556
BEN,SSP2,24.38514129
BEN,SSP3,30.58583794
BEN,SSP4,31.06219053
BEN,SSP5,18.7099254
BFA,SSP1,37.14416176
BFA,SSP2,55.32480772
BFA,SSP3,86.73094096
BFA,SSP4,83.49297277
BFA,SSP5,34.26606353
BGD,SSP1,124.6721136
BGD,SSP2,167.4898176
BGD,SSP3,261.4960994
BGD,SSP4,115.8469868
BGD,SSP5,116.1757884
BGR,SSP1,3.947892768
BGR,SSP2,5.061846185
BGR,SSP3,6.612219506
BGR,SSP4,3.798246868
BGR,SSP5,4.219912394
BHR,SSP1,2.756216399
BHR,SSP2,3.847875646
BHR,SSP3,4.319799634
BHR,SSP4,3.020864125
BHR,SSP5,3.392940419
BHS,SSP1,0.337953497
BHS,SSP2,0.461855868
BHS,SSP3,0.58821921
BHS,SSP4,0.338778113
BHS,SSP5,0.373057068
BIH,SSP1,1.770064271
BIH,SSP2,2.193855685
BIH,SSP3,2.772129078
BIH,SSP4,1.629163546
BIH,SSP5,1.79994571
BLR,SSP1,4.869162756
BLR,SSP2,6.231850503
BLR,SSP3,8.20796312
BLR,SSP4,4.464215966
BLR,SSP5,4.976033954
BLZ,SSP1,0.294882558
BLZ,SSP2,0.448869762
BLZ,SSP3,0.84978427
BLZ,SSP4,0.740884286
BLZ,SSP5,0.227892694
BOL,SSP1,9.624794451
BOL,SSP2,14.46799618
BOL,SSP3,28.64008188
BOL,SSP4,25.18087562
BOL,SSP5,8.165049224
BRA,SSP1,141.4118545
BRA,SSP2,188.4152033
BRA,SSP3,276.2858712
BRA,SSP4,135.0508924
BRA,SSP5,139.1021153
BRB,SSP1,0.146177249
BRB,SSP2,0.194866915
BRB,SSP3,0.249220386
BRB,SSP4,0.143028654
BRB,SSP5,0.149812237
BRN,SSP1,0.419814616
BRN,SSP2,0.647927566
BRN,SSP3,0.774938877
BRN,SSP4,0.435969394
BRN,SSP5,0.445244004
BTN,SSP1,0.944171719
BTN,SSP2,1.304962374
BTN,SSP3,1.830144357
BTN,SSP4,0.939225614
BTN,SSP5,1.033996205
BWA,SSP1,2.143030397
BWA,SSP2,2.762183871
BWA,SSP3,2.808771896
BWA,SSP4,1.619237773
BWA,SSP5,2.321054524
CAF,SSP1,5.963082201
CAF,SSP2,7.885951405
CAF,SSP3,10.33322534
CAF,SSP4,10.32081036
CAF,SSP5,5.987937726
CAN,SSP1,54.46892777
CAN,SSP2,54.42377693
CAN,SSP3,27.84588089
CAN,SSP4,41.88979272
CAN,SSP5,88.10087501
CHE,SSP1,8.855887466
CHE,SSP2,9.041078639
CHE,SSP3,5.223144358
CHE,SSP4,7.297868133
CHE,SSP5,13.46821153
CHL,SSP1,12.81779501
CHL,SSP2,17.37104235
CHL,SSP3,24.32980842
CHL,SSP4,13.12694019
CHL,SSP5,13.0668725
CHN,SSP1,643.987055
CHN,SSP2,767.2749102
CHN,SSP3,1027.983919
CHN,SSP4,555.1157786
CHN,SSP5,644.5579034
CIV,SSP1,23.91216714
CIV,SSP2,32.65490999
CIV,SSP3,58.17081015
CIV,SSP4,53.22676072
CIV,SSP5,20.23698818
CMR,SSP1,28.19212676
CMR,SSP2,35.9248639
CMR,SSP3,50.03098072
CMR,SSP4,49.560136
CMR,SSP5,27.97695584
COD,SSP1,143.1158296
COD,SSP2,187.0147615
COD,SSP3,243.260009
COD,SSP4,235.9759157
COD,SSP5,142.1589568
COG,SSP1,6.977200213
COG,SSP2,9.152932406
COG,SSP3,12.66500292
COG,SSP4,12.96390155
COG,SSP5,7.277882489
COL,SSP1,44.90310523
COL,SSP2,61.43593305
COL,SSP3,94.55319238
COL,SSP4,45.84284556
COL,SSP5,44.06822063
COM,SSP1,0.828055383
COM,SSP2,1.412206664
COM,SSP3,2.815866646
COM,SSP4,2.566108161
COM,SSP5,0.729931804
CPV,SSP1,0.336199294
CPV,SSP2,0.50219064
CPV,SSP3,0.992243657
CPV,SSP4,0.362129952
CPV,SSP5,0.219172494
CRI,SSP1,4.593169147
CRI,SSP2,6.455248728
CRI,SSP3,9.199029321
CRI,SSP4,5.047863036
CRI,SSP5,4.975980966
CUB,SSP1,3.917128076
CUB,SSP2,4.959788026
CUB,SSP3,8.115943383
CUB,SSP4,3.824190992
CUB,SSP5,3.328960777
CYP,SSP1,1.143035853
CYP,SSP2,1.532961669
CYP,SSP3,1.707224217
CYP,SSP4,1.179249074
CYP,SSP5,1.319961774
CZE,SSP1,11.09891293
CZE,SSP2,10.85589644
CZE,SSP3,5.959785867
CZE,SSP4,8.425889357
CZE,SSP5,16.55301908
DEU,SSP1,67.40497273
DEU,SSP2,66.52780253
DEU,SSP3,37.64722497
DEU,SSP4,52.02886286
DEU,SSP5,99.06483481
DJI,SSP1,1.120917326
DJI,SSP2,1.394985261
DJI,SSP3,1.773147981
DJI,SSP4,1.741105567
DJI,SSP5,1.105085461
DNK,SSP1,7.7079797
DNK,SSP2,7.425767697
DNK,SSP3,4.090850199
DNK,SSP4,5.211889984
DNK,SSP5,11.75584309
DOM,SSP1,8.81099746
DOM,SSP2,12.39488115
DOM,SSP3,21.28612908
DOM,SSP4,8.870801015
DOM,SSP5,7.856946153
DZA,SSP1,34.55693647
DZA,SSP2,45.60087236
DZA,SSP3,73.06393853
DZA,SSP4,34.40193234
DZA,SSP5,33.5798106
ECU,SSP1,14.00579738
ECU,SSP2,19.45196395
ECU,SSP3,34.13391785
ECU,SSP4,15.16512348
ECU,SSP5,13.12421339
EGY,SSP1,96.86521761
EGY,SSP2,131.2389285
EGY,SSP3,197.7681628
EGY,SSP4,90.86476848
EGY,SSP5,93.58303147
ERI,SSP1,10.32222879
ERI,SSP2,14.39319774
ERI,SSP3,18.56276442
ERI,SSP4,19.10306491
ERI,SSP5,10.70894827
ESP,SSP1,46.93079425
ESP,SSP2,47.75895192
ESP,SSP3,28.17321572
ESP,SSP4,39.50985868
ESP,SSP5,70.90410256
EST,SSP1,1.192128469
EST,SSP2,1.13295346
EST,SSP3,0.660883558
EST,SSP4,0.876906574
EST,SSP5,1.714813448
ETH,SSP1,137.2151405
ETH,SSP2,191.0062387
ETH,SSP3,292.7147872
ETH,SSP4,288.9811769
ETH,SSP5,132.898797
FIN,SSP1,6.983866962
FIN,SSP2,6.824043454
FIN,SSP3,3.836933777
FIN,SSP4,4.794021795
FIN,SSP5,10.4980755
FJI,SSP1,0.532220645
FJI,SSP2,0.828248777
FJI,SSP3,1.334100392
FJI,SSP4,0.535763616
FJI,SSP5,0.364920968
FRA,SSP1,84.28427107
FRA,SSP2,84.58233015
FRA,SSP3,52.47362677
FRA,SSP4,65.36134416
FRA,SSP5,124.748429
FSM,SSP1,0.056812867
FSM,SSP2,0.08489565
FSM,SSP3,0.206911157
FSM,SSP4,0.130988913
FSM,SSP5,0.019839964
GAB,SSP1,1.859824035
GAB,SSP2,2.30417485
GAB,SSP3,3.210036465
GAB,SSP4,3.148951
GAB,SSP5,1.852030837
GBR,SSP1,84.70482625
GBR,SSP2,84.72395225
GBR,SSP3,49.22918913
GBR,SSP4,63.35292665
GBR,SSP5,128.3227666
GEO,SSP1,1.627162615
GEO,SSP2,2.110157401
GEO,SSP3,3.791874135
GEO,SSP4,1.538944229
GEO,SSP5,1.14294621
GHA,SSP1,39.39211415
GHA,SSP2,57.59716693
GHA,SSP3,91.44895041
GHA,SSP4,87.86709457
GHA,SSP5,38.00301181
GIN,SSP1,12.01498286
GIN,SSP2,16.57597831
GIN,SSP3,26.96289798
GIN,SSP4,22.91587028
GIN,SSP5,8.384120757
GLP,SSP1,0.351938508
GLP,SSP2,0.501186425
GLP,SSP3,0.802786188
GLP,SSP4,0.372857061
GLP,SSP5,0.318507622
GMB,SSP1,2.743097028
GMB,SSP2,3.838231884
GMB,SSP3,5.993991322
GMB,SSP4,5.538231659
GMB,SSP5,2.443820058
GNB,SSP1,2.053240579
GNB,SSP2,2.648790194
GNB,SSP3,3.487864228
GNB,SSP4,3.359099608
GNB,SSP5,1.951102596
GNQ,SSP1,1.366933747
GNQ,SSP2,1.773838488
GNQ,SSP3,2.180148598
GNQ,SSP4,2.295867584
GNQ,SSP5,1.493876738
GRC,SSP1,9.540896252
GRC,SSP2,9.441762966
GRC,SSP3,5.680028242
GRC,SSP4,7.544165826
GRC,SSP5,13.78495329
GRD,SSP1,0.06421783
GRD,SSP2,0.101024973
GRD,SSP3,0.173467739
GRD,SSP4,0.065878861
GRD,SSP5,0.042619308
GTM,SSP1,18.1571067
GTM,SSP2,28.89309827
GTM,SSP3,57.11614599
GTM,SSP4,53.00783101
GTM,SSP5,15.63682128
GUF,SSP1,0.303919854
GUF,SSP2,0.444495337
GUF,SSP3,0.701346817
GUF,SSP4,0.713651907
GUF,SSP5,0.303590441
GUM,SSP1,0.168402005
GUM,SSP2,0.229527341
GUM,SSP3,0.338619573
GUM,SSP4,0.167153075
GUM,SSP5,0.168402005
GUY,SSP1,0.385046902
GUY,SSP2,0.545859512
GUY,SSP3,1.099169509
GUY,SSP4,0.394902423
GUY,SSP5,0.221200187
HKG,SSP1,6.333167471
HKG,SSP2,8.495995999
HKG,SSP3,8.289939565
HKG,SSP4,6.925153974
HKG,SSP5,7.761061658
HND,SSP1,8.239948636
HND,SSP2,12.12222052
HND,SSP3,22.00084042
HND,SSP4,20.30294247
HND,SSP5,7.161076985
HRV,SSP1,2.481878736
HRV,SSP2,3.219993801
HRV,SSP3,3.962014114
HRV,SSP4,2.387238078
HRV,SSP5,2.660053486
HTI,SSP1,9.154958862
HTI,SSP2,11.1930809
HTI,SSP3,18.39386084
HTI,SSP4,15.7339101
HTI,SSP5,7.190824517
HUN,SSP1,7.408041484
HUN,SSP2,6.92612111
HUN,SSP3,4.008148311
HUN,SSP4,5.413989808
HUN,SSP5,10.57524942
IDN,SSP1,183.6589873
IDN,SSP2,227.5178142
IDN,SSP3,291.6271143
IDN,SSP4,152.335973
IDN,SSP5,180.359237
IND,SSP1,1138.43582
IND,SSP2,1602.936114
IND,SSP3,2608.619121
IND,SSP4,1169.26023
IND,SSP5,1134.339851
IRL,SSP1,7.249998269
IRL,SSP2,7.075891142
IRL,SSP3,4.051235494
IRL,SSP4,5.318036063
IRL,SSP5,10.82386909
IRN,SSP1,57.29218774
IRN,SSP2,74.81513945
IRN,SSP3,112.6041209
IRN,SSP4,57.32208656
IRN,SSP5,56.61077962
IRQ,SSP1,60.09707577
IRQ,SSP2,88.49406885
IRQ,SSP3,174.2431366
IRQ,SSP4,166.8250045
IRQ,SSP5,57.43180873
ISL,SSP1,0.593240534
ISL,SSP2,0.588841461
ISL,SSP3,0.32380447
ISL,SSP4,0.418181815
ISL,SSP5,0.913085575
ISR,SSP1,21.93515946
ISR,SSP2,23.14397441
ISR,SSP3,13.56185935
ISR,SSP4,16.71894339
ISR,SSP5,34.52875972
ITA,SSP1,50.82807992
ITA,SSP2,51.8850771
ITA,SSP3,31.11187579
ITA,SSP4,42.24415521
ITA,SSP5,74.34607138
JAM,SSP1,1.559869627
JAM,SSP2,2.241768616
JAM,SSP3,4.447913067
JAM,SSP4,1.553801275
JAM,SSP5,1.007851482
JOR,SSP1,11.76003033
JOR,SSP2,15.93494008
JOR,SSP3,21.57923652
JOR,SSP4,23.2827694
JOR,SSP5,12.9827525
JPN,SSP1,76.93594792
JPN,SSP2,74.94117318
JPN,SSP3,46.33101801
JPN,SSP4,57.89791025
JPN,SSP5,105.3420416
KAZ,SSP1,14.46308793
KAZ,SSP2,18.79394711
KAZ,SSP3,25.06475138
KAZ,SSP4,13.00605278
KAZ,SSP5,14.56923675
KEN,SSP1,71.66291242
KEN,SSP2,95.54079065
KEN,SSP3,160.9801754
KEN,SSP4,145.0948056
KEN,SSP5,67.29389921
KGZ,SSP1,4.014871021
KGZ,SSP2,5.583935453
KGZ,SSP3,9.257931075
KGZ,SSP4,3.792752496
KGZ,SSP5,3.165782151
KHM,SSP1,10.95019635
KHM,SSP2,15.71994232
KHM,SSP3,26.11681975
KHM,SSP4,10.75415933
KHM,SSP5,9.075913704
KOR,SSP1,31.93681369
KOR,SSP2,30.0442363
KOR,SSP3,18.45289901
KOR,SSP4,23.86079494
KOR,SSP5,42.48382858
KWT,SSP1,4.728975468
KWT,SSP2,6.487856929
KWT,SSP3,7.552059751
KWT,SSP4,4.873090074
KWT,SSP5,5.640783072
LAO,SSP1,5.564851156
LAO,SSP2,8.133794197
LAO,SSP3,13.35088378
LAO,SSP4,12.28511859
LAO,SSP5,4.99206003
LBN,SSP1,3.202101075
LBN,SSP2,4.085831295
LBN,SSP3,5.949024382
LBN,SSP4,2.9631283
LBN,SSP5,3.213217634
LBR,SSP1,10.60885588
LBR,SSP2,14.85979683
LBR,SSP3,18.37592354
LBR,SSP4,20.8901903
LBR,SSP5,12.05583646
LBY,SSP1,7.234161806
LBY,SSP2,9.783060965
LBY,SSP3,14.44894876
LBY,SSP4,7.386909696
LBY,SSP5,7.065072309
LCA,SSP1,0.135239855
LCA,SSP2,0.180097559
LCA,SSP3,0.274195088
LCA,SSP4,0.13404371
LCA,SSP5,0.132769438
LKA,SSP1,14.88615028
LKA,SSP2,21.04487278
LKA,SSP3,33.25789625
LKA,SSP4,15.10094738
LKA,SSP5,13.44496307
LSO,SSP1,1.965192542
LSO,SSP2,2.445235157
LSO,SSP3,3.21781
LSO,SSP4,3.061956314
LSO,SSP5,1.865057501
LTU,SSP1,1.548123996
LTU,SSP2,2.000111142
LTU,SSP3,3.00897242
LTU,SSP4,1.453750546
LTU,SSP5,1.38603838
LUX,SSP1,0.942958014
LUX,SSP2,0.952036083
LUX,SSP3,0.48394407
LUX,SSP4,0.755188645
LUX,SSP5,1.518884264
LVA,SSP1,1.080861449
LVA,SSP2,1.359132526
LVA,SSP3,1.729919868
LVA,SSP4,1.000807385
LVA,SSP5,1.123030191
MAC,SSP1,0.536201608
MAC,SSP2,0.730114692
MAC,SSP3,0.737985048
MAC,SSP4,0.591000046
MAC,SSP5,0.653868874
MDA,SSP1,0.873100689
MDA,SSP2,1.10621204
MDA,SSP3,2.244955343
MDA,SSP4,0.816088424
MDA,SSP5,0.517011304
MDG,SSP1,36.66900735
MDG,SSP2,59.05394551
MDG,SSP3,92.26701096
MDG,SSP4,93.16700583
MDG,SSP5,36.46503212
MDV,SSP1,0.291001505
MDV,SSP2,0.412163909
MDV,SSP3,0.599097222
MDV,SSP4,0.307160568
MDV,SSP5,0.290942127
MEX,SSP1,99.74507812
MEX,SSP2,143.0658994
MEX,SSP3,237.6487671
MEX,SSP4,102.8850037
MEX,SSP5,88.81290148
MKD,SSP1,1.561764501
MKD,SSP2,1.980187478
MKD,SSP3,2.368965655
MKD,SSP4,1.504130017
MKD,SSP5,1.720879714
MLI,SSP1,33.28676478
MLI,SSP2,48.14079491
MLI,SSP3,66.95509864
MLI,SSP4,64.83887969
MLI,SSP5,31.29697549
MLT,SSP1,0.278070612
MLT,SSP2,0.372218775
MLT,SSP3,0.459063503
MLT,SSP4,0.277004867
MLT,SSP5,0.303184181
MMR,SSP1,26.36520545
MMR,SSP2,36.46704202
MMR,SSP3,56.38323449
MMR,SSP4,26.23994227
MMR,SSP5,24.27817691
MNE,SSP1,0.447849068
MNE,SSP2,0.575117885
MNE,SSP3,0.747987924
MNE,SSP4,0.446037398
MNE,SSP5,0.46886928
MNG,SSP1,2.611993392
MNG,SSP2,3.615031975
MNG,SSP3,5.488782326
MNG,SSP4,2.520986983
MNG,SSP5,2.511233093
MOZ,SSP1,36.62311394
MOZ,SSP2,50.19405067
MOZ,SSP3,67.36904671
MOZ,SSP4,66.42101737
MOZ,SSP5,35.96004425
MRT,SSP1,4.994805981
MRT,SSP2,7.322172774
MRT,SSP3,10.8149941
MRT,SSP4,10.87916965
MRT,SSP5,5.044791225
MTQ,SSP1,0.297848748
MTQ,SSP2,0.412413381
MTQ,SSP3,0.610532311
MTQ,SSP4,0.306191644
MTQ,SSP5,0.283394455
MUS,SSP1,0.971174417
MUS,SSP2,1.302170325
MUS,SSP3,1.799906665
MUS,SSP4,0.946069283
MUS,SSP5,1.006928483
MWI,SSP1,42.69206361
MWI,SSP2,66.73113492
MWI,SSP3,107.7792055
MWI,SSP4,102.5250514
MWI,SSP5,41.09311482
MYS,SSP1,34.16901116
MYS,SSP2,44.93582608
MYS,SSP3,65.7119793
MYS,SSP4,32.93402822
MYS,SSP5,34.64306261
MYT,SSP1,0.399429424
MYT,SSP2,0.597608575
MYT,SSP3,0.922161518
MYT,SSP4,0.918602585
MYT,SSP5,0.399429424
NAM,SSP1,2.691841742
NAM,SSP2,3.308926278
NAM,SSP3,4.470782368
NAM,SSP4,4.216234673
NAM,SSP5,2.672006599
NCL,SSP1,0.316243631
NCL,SSP2,0.421820832
NCL,SSP3,0.524864364
NCL,SSP4,0.306124788
NCL,SSP5,0.351014575
NER,SSP1,51.878205
NER,SSP2,97.90621863
NER,SSP3,168.3077881
NER,SSP4,165.5861844
NER,SSP5,50.18618709
NGA,SSP1,430.5400418
NGA,SSP2,582.3800146
NGA,SSP3,853.5970525
NGA,SSP4,832.6289371
NGA,SSP5,424.0397746
NIC,SSP1,4.285858935
NIC,SSP2,6.243869082
NIC,SSP3,12.51383436
NIC,SSP4,4.708211018
NIC,SSP5,2.943879655
NLD,SSP1,19.13124243
NLD,SSP2,19.06510557
NLD,SSP3,11.29508938
NLD,SSP4,14.62216297
NLD,SSP5,28.3811656
NOR,SSP1,8.713095235
NOR,SSP2,8.669967915
NOR,SSP3,4.574230892
NOR,SSP4,6.275077554
NOR,SSP5,13.87281088
NPL,SSP1,36.96815353
NPL,SSP2,52.40698472
NPL,SSP3,95.44187996
NPL,SSP4,92.56090191
NPL,SSP5,35.73018651
NZL,SSP1,6.463775285
NZL,SSP2,6.509134072
NZL,SSP3,3.847154828
NZL,SSP4,5.178149573
NZL,SSP5,9.795967831
OMN,SSP1,3.507117846
OMN,SSP2,5.650903299
OMN,SSP3,7.276004888
OMN,SSP4,3.752933822
OMN,SSP5,3.766004613
PAK,SSP1,216.6379028
PAK,SSP2,326.3739848
PAK,SSP3,551.0680778
PAK,SSP4,530.6892185
PAK,SSP5,206.5180378
PAN,SSP1,3.621970297
PAN,SSP2,5.024848653
PAN,SSP3,7.571040011
PAN,SSP4,3.662900377
PAN,SSP5,3.644179865
PER,SSP1,21.24598077
PER,SSP2,28.71300485
PER,SSP3,50.7411426
PER,SSP4,21.82377305
PER,SSP5,16.50987293
PHL,SSP1,115.6971585
PHL,SSP2,160.1787962
PHL,SSP3,255.2771934
PHL,SSP4,250.4188293
PHL,SSP5,111.6751097
PNG,SSP1,8.4559002
PNG,SSP2,11.91707607
PNG,SSP3,17.16893763
PNG,SSP4,17.21520167
PNG,SSP5,8.449819362
POL,SSP1,27.70301375
POL,SSP2,26.22919254
POL,SSP3,16.17099233
POL,SSP4,20.76894121
POL,SSP5,37.54596386
PRI,SSP1,1.347104936
PRI,SSP2,1.810218099
PRI,SSP3,3.518954724
PRI,SSP4,1.398800584
PRI,SSP5,0.824952417
PRK,SSP1,14.28506591
PRK,SSP2,17.6872587
PRK,SSP3,24.14722726
PRK,SSP4,12.4490771
PRK,SSP5,14.32199729
PRT,SSP1,10.08676695
PRT,SSP2,10.21689621
PRT,SSP3,5.857022
PRT,SSP4,8.219221679
PRT,SSP5,15.14196546
PRY,SSP1,7.118039238
PRY,SSP2,9.953759055
PRY,SSP3,15.94408949
PRY,SSP4,15.23894869
PRY,SSP5,6.765853699
PSE,SSP1,3.801129088
PSE,SSP2,5.678179096
PSE,SSP3,15.36403954
PSE,SSP4,9.879875107
PSE,SSP5,2.582904393
PYF,SSP1,0.26184794
PYF,SSP2,0.367103147
PYF,SSP3,0.56496339
PYF,SSP4,0.258889634
PYF,SSP5,0.258197718
QAT,SSP1,2.642859085
QAT,SSP2,3.606024748
QAT,SSP3,3.777769931
QAT,SSP4,2.845945961
QAT,SSP5,3.29783299
REU,SSP1,0.900105631
REU,SSP2,1.270041434
REU,SSP3,1.931925803
REU,SSP4,0.941729741
REU,SSP5,0.890275774
ROU,SSP1,9.00900279
ROU,SSP2,11.32324117
ROU,SSP3,16.51923736
ROU,SSP4,8.464046992
ROU,SSP5,8.795794524
RUS,SSP1,92.53402168
RUS,SSP2,122.6221061
RUS,SSP3,149.0321745
RUS,SSP4,88.37179366
RUS,SSP5,101.6869969
RWA,SSP1,21.83881773
RWA,SSP2,30.88412589
RWA,SSP3,43.67579025
RWA,SSP4,43.01276786
RWA,SSP5,21.3322018
SAU,SSP1,46.47181724
SAU,SSP2,62.66377428
SAU,SSP3,88.23902885
SAU,SSP4,98.60482091
SAU,SSP5,52.49003039
SDN,SSP1,73.39734392
SDN,SSP2,109.4804955
SDN,SSP3,176.3806155
SDN,SSP4,186.8697937
SDN,SSP5,73.45416395
SEN,SSP1,18.21892104
SEN,SSP2,31.15000687
SEN,SSP3,60.33820393
SEN,SSP4,56.66306541
SEN,SSP5,16.06624924
SGP,SSP1,4.332790015
SGP,SSP2,5.537998877
SGP,SSP3,5.547207826
SGP,SSP4,4.3852209
SGP,SSP5,5.045886467
SLB,SSP1,0.734030634
SLB,SSP2,1.077006214
SLB,SSP3,1.668161754
SLB,SSP4,1.657770069
SLB,SSP5,0.727081069
SLE,SSP1,9.998994965
SLE,SSP2,13.14517612
SLE,SSP3,16.35390375
SLE,SSP4,16.81123546
SLE,SSP5,10.36892098
SLV,SSP1,3.318089255
SLV,SSP2,4.75701206
SLV,SSP3,10.4870534
SLV,SSP4,3.552900245
SLV,SSP5,1.733207888
SOM,SSP1,11.46708671
SOM,SSP2,19.22891832
SOM,SSP3,38.59582728
SOM,SSP4,32.69175404
SOM,SSP5,7.665892064
SRB,SSP1,6.115184378
SRB,SSP2,7.727759185
SRB,SSP3,10.01083837
SRB,SSP4,5.920893373
SRB,SSP5,6.503023519
STP,SSP1,0.1268644
STP,SSP2,0.200875672
STP,SSP3,0.371851834
STP,SSP4,0.299073053
STP,SSP5,0.077135165
SUR,SSP1,0.443792982
SUR,SSP2,0.625829475
SUR,SSP3,0.994034169
SUR,SSP4,0.454863296
SUR,SSP5,0.41678735
SVK,SSP1,4.63010237
SVK,SSP2,4.427083708
SVK,SSP3,2.575844398
SVK,SSP4,3.505180035
SVK,SSP5,6.559807472
SVN,SSP1,2.149756356
SVN,SSP2,2.128222433
SVN,SSP3,1.151092754
SVN,SSP4,1.662822459
SVN,SSP5,3.292818914
SWE,SSP1,15.24512238
SWE,SSP2,15.13310895
SWE,SSP3,8.07518311
SWE,SSP4,10.797082
SWE,SSP5,24.07995404
SWZ,SSP1,1.272812591
SWZ,SSP2,1.516245661
SWZ,SSP3,2.021930153
SWZ,SSP4,1.923132687
SWZ,SSP5,1.243047222
SYR,SSP1,25.50692609
SYR,SSP2,36.1051908
SYR,SSP3,61.12912822
SYR,SSP4,59.28389009
SYR,SSP5,24.61508942
TCD,SSP1,24.3799789
TCD,SSP2,34.19714183
TCD,SSP3,44.90409186
TCD,SSP4,43.30691282
TCD,SSP5,23.03398765
TGO,SSP1,8.980100363
TGO,SSP2,11.41613182
TGO,SSP3,14.29402405
TGO,SSP4,14.21710646
TGO,SSP5,8.897946476
THA,SSP1,42.74079043
THA,SSP2,54.66224981
THA,SSP3,77.29124581
THA,SSP4,39.49478339
THA,SSP5,45.34113249
TJK,SSP1,4.864105707
TJK,SSP2,7.077970607
TJK,SSP3,14.08989379
TJK,SSP4,10.38398658
TJK,SSP5,2.423183733
TKM,SSP1,4.102118979
TKM,SSP2,5.546780698
TKM,SSP3,8.106982694
TKM,SSP4,3.759856302
TKM,SSP5,3.762841249
TLS,SSP1,1.570128332
TLS,SSP2,2.608207846
TLS,SSP3,6.299975202
TLS,SSP4,4.46880959
TLS,SSP5,0.653085338
TON,SSP1,0.061115997
TON,SSP2,0.089944976
TON,SSP3,0.223958518
TON,SSP4,0.134814592
TON,SSP5,0.022155735
TTO,SSP1,0.614875859
TTO,SSP2,0.785098004
TTO,SSP3,1.219064172
TTO,SSP4,0.571101928
TTO,SSP5,0.557158058
TUN,SSP1,8.431243845
TUN,SSP2,10.64479899
TUN,SSP3,15.22500592
TUN,SSP4,7.74792223
TUN,SSP5,8.363901264
TUR,SSP1,65.65513736
TUR,SSP2,89.67921434
TUR,SSP3,148.7840262
TUR,SSP4,73.1718128
TUR,SSP5,65.8620505
TWN,SSP1,12.692
TWN,SSP2,17.026
TWN,SSP3,16.613
TWN,SSP4,13.879
TWN,SSP5,15.554
TZA,SSP1,92.16208978
TZA,SSP2,143.7871862
TZA,SSP3,218.6540193
TZA,SSP4,213.7400694
TZA,SSP5,86.84104822
UGA,SSP1,98.33411511
UGA,SSP2,155.6609394
UGA,SSP3,244.806968
UGA,SSP4,240.322164
UGA,SSP5,94.57789335
UKR,SSP1,25.3388965
UKR,SSP2,32.8359706
UKR,SSP3,40.08178477
UKR,SSP4,23.82280376
UKR,SSP5,27.68311553
URY,SSP1,1.897198435
URY,SSP2,2.629966056
URY,SSP3,4.265848355
URY,SSP4,1.942233586
URY,SSP5,1.638940349
USA,SSP1,466.9815144
USA,SSP2,459.1979099
USA,SSP3,262.9963616
USA,SSP4,365.0764353
USA,SSP5,713.4721617
UZB,SSP1,21.18400509
UZB,SSP2,28.60390561
UZB,SSP3,44.953038
UZB,SSP4,19.7291713
UZB,SSP5,17.83686589
VCT,SSP1,0.058880399
VCT,SSP2,0.081244946
VCT,SSP3,0.155922416
VCT,SSP4,0.060940544
VCT,SSP5,0.042001235
VEN,SSP1,29.23684476
VEN,SSP2,39.81713846
VEN,SSP3,61.30390091
VEN,SSP4,29.76519493
VEN,SSP5,29.43189918
VIR,SSP1,0.076152144
VIR,SSP2,0.103267888
VIR,SSP3,0.148122437
VIR,SSP4,0.079403891
VIR,SSP5,0.076152144
VNM,SSP1,61.35018149
VNM,SSP2,78.2669006
VNM,SSP3,109.7312162
VNM,SSP4,57.82095603
VNM,SSP5,59.51794645
VUT,SSP1,0.342910282
VUT,SSP2,0.482055136
VUT,SSP3,0.716152029
VUT,SSP4,0.711952957
VUT,SSP5,0.342120598
WSM,SSP1,0.09106543
WSM,SSP2,0.135039753
WSM,SSP3,0.368089216
WSM,SSP4,0.210185751
WSM,SSP5,0.03717852
YEM,SSP1,49.52380756
YEM,SSP2,77.28098995
YEM,SSP3,135.2739937
YEM,SSP4,131.7001769
YEM,SSP5,46.72295138
ZAF,SSP1,48.9352008
ZAF,SSP2,58.48377165
ZAF,SSP3,71.17902763
ZAF,SSP4,38.7721047
ZAF,SSP5,52.37091398
ZMB,SSP1,29.65477899
ZMB,SSP2,43.43295081
ZMB,SSP3,73.2541049
ZMB,SSP4,70.14717245
ZMB,SSP5,28.02180868
ZWE,SSP1,9.093883233
ZWE,SSP2,11.48107653
ZWE,SSP3,20.33714959
ZWE,SSP4,15.7741671
ZWE,SSP5,5.493946965
